manifest_key	artifact_group	path	exists	path_type	size_bytes	rows_keys_or_children
claim_a_kmeans_topology_current_build_dir	claim_a	results/method4_claim_a_partition_family_build_20260709/kmeans_topology_46_oracle_ef400/20260709_092502	yes	dir	NA	5
claim_a_kmeans_topology_current_build_summary_json	claim_a	results/method4_claim_a_partition_family_build_20260709/kmeans_topology_46_oracle_ef400/20260709_092502/summary.json	yes	json	4707	50
claim_a_kmeans_topology_current_builds_csv	claim_a	results/method4_claim_a_partition_family_build_20260709/kmeans_topology_46_oracle_ef400/20260709_092502/builds.csv	yes	csv	322	1
claim_a_kmeans_topology_current_latency_batches_csv	claim_a	results/method4_claim_a_partition_online_latency_20260709/kmeans_topology_46_ef400build/analysis_20260709_093136/claim_d_high_recall_latency_batches.csv	yes	csv	11185	90
claim_a_kmeans_topology_current_latency_dir	claim_a	results/method4_claim_a_partition_online_latency_20260709/kmeans_topology_46_ef400build/analysis_20260709_093136	yes	dir	NA	3
claim_a_kmeans_topology_current_latency_metadata_json	claim_a	results/method4_claim_a_partition_online_latency_20260709/kmeans_topology_46_ef400build/analysis_20260709_093136/run_metadata.json	yes	json	1279	29
claim_a_kmeans_topology_current_latency_summary_csv	claim_a	results/method4_claim_a_partition_online_latency_20260709/kmeans_topology_46_ef400build/analysis_20260709_093136/claim_d_high_recall_latency_summary.csv	yes	csv	1922	6
claim_a_kmeans_topology_load_recalibrated_current_build_dir	claim_a	results/method4_claim_a_partition_family_build_20260709/kmeans_topology_load_recalibrated_46_oracle_ef400/20260709_093432	yes	dir	NA	5
claim_a_kmeans_topology_load_recalibrated_current_build_summary_json	claim_a	results/method4_claim_a_partition_family_build_20260709/kmeans_topology_load_recalibrated_46_oracle_ef400/20260709_093432/summary.json	yes	json	4756	50
claim_a_kmeans_topology_load_recalibrated_current_builds_csv	claim_a	results/method4_claim_a_partition_family_build_20260709/kmeans_topology_load_recalibrated_46_oracle_ef400/20260709_093432/builds.csv	yes	csv	340	1
claim_a_kmeans_topology_load_recalibrated_current_latency_batches_csv	claim_a	results/method4_claim_a_partition_online_latency_20260709/kmeans_topology_load_recalibrated_46_ef400build/analysis_20260709_094451/claim_d_high_recall_latency_batches.csv	yes	csv	12801	90
claim_a_kmeans_topology_load_recalibrated_current_latency_dir	claim_a	results/method4_claim_a_partition_online_latency_20260709/kmeans_topology_load_recalibrated_46_ef400build/analysis_20260709_094451	yes	dir	NA	3
claim_a_kmeans_topology_load_recalibrated_current_latency_metadata_json	claim_a	results/method4_claim_a_partition_online_latency_20260709/kmeans_topology_load_recalibrated_46_ef400build/analysis_20260709_094451/run_metadata.json	yes	json	1333	29
claim_a_kmeans_topology_load_recalibrated_current_latency_summary_csv	claim_a	results/method4_claim_a_partition_online_latency_20260709/kmeans_topology_load_recalibrated_46_ef400build/analysis_20260709_094451/claim_d_high_recall_latency_summary.csv	yes	csv	1992	6
claim_a_partition_family_build_root_20260709	claim_a	results/method4_claim_a_partition_family_build_20260709	yes	dir	NA	5
claim_a_partition_family_current_rebuilds_20260709_csv	claim_a	results/method4_claim_coverage_20260704/derived_claim_tables/claim_a_partition_family_current_rebuilds_20260709.csv	yes	csv	2874	3
claim_a_partition_family_online_coverage_audit_csv	claim_a	results/method4_claim_coverage_20260704/derived_claim_tables/claim_a_partition_family_online_coverage_audit.csv	yes	csv	6128	7
claim_a_partition_online_latency_root	claim_a	results/method4_claim_a_partition_online_latency_20260704	yes	dir	NA	6
claim_a_partition_online_latency_root_20260709	claim_a	results/method4_claim_a_partition_online_latency_20260709	yes	dir	NA	4
claim_a_partition_online_latency_script	claim_a	tools/method4_claim_a_online_latency_summary.py	yes	py	27128	NA
claim_a_partition_online_latency_submatrix_csv	claim_a	results/method4_claim_coverage_20260704/derived_claim_tables/claim_a_partition_online_latency_submatrix.csv	yes	csv	11471	16
claim_a_partition_online_latency_submatrix_deltas_csv	claim_a	results/method4_claim_coverage_20260704/derived_claim_tables/claim_a_partition_online_latency_submatrix_deltas.csv	yes	csv	5229	8
claim_a_partition_oracle_dir	claim_a	results/method4_claim_a_partition_oracle_20260704/analysis_20260704_213047	yes	dir	NA	3
claim_a_partition_oracle_summary_csv	claim_a	results/method4_claim_a_partition_oracle_20260704/analysis_20260704_213047/partition_oracle_summary.csv	yes	csv	4364	18
claim_a_random_balanced_current_build_dir	claim_a	results/method4_claim_a_partition_family_build_20260709/random_balanced_46_oracle_ef400/20260709_091449	yes	dir	NA	5
claim_a_random_balanced_current_build_summary_json	claim_a	results/method4_claim_a_partition_family_build_20260709/random_balanced_46_oracle_ef400/20260709_091449/summary.json	yes	json	4694	50
claim_a_random_balanced_current_builds_csv	claim_a	results/method4_claim_a_partition_family_build_20260709/random_balanced_46_oracle_ef400/20260709_091449/builds.csv	yes	csv	322	1
claim_a_random_balanced_current_latency_batches_csv	claim_a	results/method4_claim_a_partition_online_latency_20260709/random_balanced_46_ef400build/analysis_20260709_092159/claim_d_high_recall_latency_batches.csv	yes	csv	11139	90
claim_a_random_balanced_current_latency_dir	claim_a	results/method4_claim_a_partition_online_latency_20260709/random_balanced_46_ef400build/analysis_20260709_092159	yes	dir	NA	3
claim_a_random_balanced_current_latency_metadata_json	claim_a	results/method4_claim_a_partition_online_latency_20260709/random_balanced_46_ef400build/analysis_20260709_092159/run_metadata.json	yes	json	1277	29
claim_a_random_balanced_current_latency_summary_csv	claim_a	results/method4_claim_a_partition_online_latency_20260709/random_balanced_46_ef400build/analysis_20260709_092159/claim_d_high_recall_latency_summary.csv	yes	csv	1895	6
claim_a_topology_no_fission_build_tune_dir	claim_a	results/strict_ablation_topology_no_fission_20260705/reuse_tune_095/20260705_012313	yes	dir	NA	5
claim_a_topology_no_fission_config_sensitivity_csv	claim_a	results/method4_claim_coverage_20260704/derived_claim_tables/claim_a_topology_no_fission_config_sensitivity.csv	yes	csv	2024	2
claim_a_topology_no_fission_latency_dir	claim_a	results/method4_claim_a_partition_online_latency_20260704/topology_no_fission_selected/analysis_20260705_012559	yes	dir	NA	3
claim_a_topology_no_fission_latency_summary_csv	claim_a	results/method4_claim_a_partition_online_latency_20260704/topology_no_fission_selected/analysis_20260705_012559/claim_d_high_recall_latency_summary.csv	yes	csv	2065	6
claim_b_online_frontier_keypoints_long_csv	claim_b	results/method4_benchmark_matrix/method4_multiassign_recall_qps_excel_20260630/final_eval_keypoints_long.csv	yes	csv	16310	32
claim_b_online_frontier_matrix_summaries.0	0	results/method4_benchmark_matrix/method4_multiassign_expansion_qps_20260629_orion_high_recover/eval3000_20260629/matrix_summary.csv	yes	csv	3285	8
claim_b_online_frontier_matrix_summaries.1	1	results/method4_benchmark_matrix/method4_multiassign_expansion_qps_20260629_orion_low/eval3000_20260629_v2/matrix_summary.csv	yes	csv	1481	8
claim_b_online_frontier_matrix_summaries.2	2	results/method4_benchmark_matrix/method4_multiassign_expansion_qps_20260629_orion_low_recover/eval3000_20260629/matrix_summary.csv	yes	csv	2146	5
claim_b_online_frontier_matrix_summaries.3	3	results/method4_benchmark_matrix/method4_multiassign_expansion_qps_20260629_simple_low/eval3000_20260629/matrix_summary.csv	yes	csv	3235	8
claim_b_online_frontier_matrix_summaries.4	4	results/method4_benchmark_matrix/method4_multiassign_expansion_qps_20260629_simple_s157_only/eval3000_20260629/matrix_summary.csv	yes	csv	1839	4
claim_b_online_frontier_matrix_summaries.5	5	results/method4_benchmark_matrix/method4_multiassign_expansion_qps_20260629_simple_s189_only/eval3000_20260629/matrix_summary.csv	yes	csv	1811	4
claim_b_online_frontier_matrix_summaries.6	6	results/method4_benchmark_matrix/method4_multiassign_recall_qps_current_20260630_orion_single_low/eval3000_20260630/matrix_summary.csv	yes	csv	1075	2
claim_b_online_frontier_quality_flags_csv	claim_b	results/method4_benchmark_matrix/method4_multiassign_recall_qps_excel_20260630/coverage_and_quality_flags.csv	yes	csv	2173	9
claim_b_online_frontier_rollup_dir	claim_b	results/method4_benchmark_matrix/method4_multiassign_recall_qps_excel_20260630	yes	dir	NA	9
claim_b_online_frontier_source_summary_jsons.0	0	results/method4_benchmark_matrix/method4_multiassign_expansion_qps_20260629_orion_low/eval3000_20260629_v2/orion_o100_single_r080/20260629_101020/summary.json	yes	json	5159	45
claim_b_online_frontier_source_summary_jsons.1	1	results/method4_benchmark_matrix/method4_multiassign_expansion_qps_20260629_orion_low/eval3000_20260629_v2/orion_o100_single_r085/20260629_101158/summary.json	yes	json	5176	45
claim_b_online_frontier_source_summary_jsons.2	2	results/method4_benchmark_matrix/method4_multiassign_expansion_qps_20260629_orion_low_recover/eval3000_20260629/orion_o100_single_r090/20260629_110713/summary.json	yes	json	4433	45
claim_b_online_frontier_source_summary_jsons.3	3	results/method4_benchmark_matrix/method4_multiassign_expansion_qps_20260629_orion_low_recover/eval3000_20260629/orion_o100_single_r095/20260629_110832/summary.json	yes	json	4422	45
claim_b_online_frontier_source_summary_jsons.4	4	results/method4_benchmark_matrix/method4_multiassign_expansion_qps_20260629_orion_default/eval3000_20260629/orion_o118_default_r080/20260629_101825/summary.json	yes	json	5189	45
claim_b_online_frontier_source_summary_jsons.5	5	results/method4_benchmark_matrix/method4_multiassign_expansion_qps_20260629_orion_low_recover/eval3000_20260629/orion_o118_default_r085/20260629_110937/summary.json	yes	json	4431	45
claim_b_online_frontier_source_summary_jsons.6	6	results/method4_benchmark_matrix/method4_multiassign_expansion_qps_20260629_orion_low_recover/eval3000_20260629/orion_o118_default_r090/20260629_111013/summary.json	yes	json	4456	45
claim_b_online_frontier_source_summary_jsons.7	7	results/method4_benchmark_matrix/method4_multiassign_expansion_qps_20260629_orion_low_recover/eval3000_20260629/orion_o118_default_r095/20260629_111048/summary.json	yes	json	4465	45
claim_b_online_frontier_source_summary_jsons.8	8	results/method4_benchmark_matrix/method4_multiassign_expansion_qps_20260629_orion_high_recover/eval3000_20260629/orion_o149_w2c2_r080/20260629_111612/summary.json	yes	json	5562	45
claim_b_online_frontier_source_summary_jsons.9	9	results/method4_benchmark_matrix/method4_multiassign_expansion_qps_20260629_orion_high_recover/eval3000_20260629/orion_o149_w2c2_r085/20260629_112512/summary.json	yes	json	4455	45
claim_b_online_frontier_source_summary_jsons.10	10	results/method4_benchmark_matrix/method4_multiassign_expansion_qps_20260629_orion_high_recover/eval3000_20260629/orion_o149_w2c2_r090/20260629_112556/summary.json	yes	json	4466	45
claim_b_online_frontier_source_summary_jsons.11	11	results/method4_benchmark_matrix/method4_multiassign_expansion_qps_20260629_orion_high_recover/eval3000_20260629/orion_o149_w2c2_r095/20260629_112639/summary.json	yes	json	4460	45
claim_b_online_frontier_source_summary_jsons.12	12	results/method4_benchmark_matrix/method4_multiassign_expansion_qps_20260629_orion_high_recover/eval3000_20260629/orion_o184_w2c3_r080/20260629_112739/summary.json	yes	json	5678	45
claim_b_online_frontier_source_summary_jsons.13	13	results/method4_benchmark_matrix/method4_multiassign_expansion_qps_20260629_orion_high_recover/eval3000_20260629/orion_o184_w2c3_r085/20260629_113813/summary.json	yes	json	4452	45
claim_b_online_frontier_source_summary_jsons.14	14	results/method4_benchmark_matrix/method4_multiassign_expansion_qps_20260629_orion_high_recover/eval3000_20260629/orion_o184_w2c3_r090/20260629_113908/summary.json	yes	json	4453	45
claim_b_online_frontier_source_summary_jsons.15	15	results/method4_benchmark_matrix/method4_multiassign_expansion_qps_20260629_orion_high_recover/eval3000_20260629/orion_o184_w2c3_r095/20260629_113958/summary.json	yes	json	4437	45
claim_b_online_frontier_source_summary_jsons.16	16	results/method4_benchmark_matrix/method4_multiassign_expansion_qps_20260629_simple_low/eval3000_20260629/simple_s100_a1000_r080/20260629_115220/summary.json	yes	json	3656	45
claim_b_online_frontier_source_summary_jsons.17	17	results/method4_benchmark_matrix/method4_multiassign_expansion_qps_20260629_simple_low/eval3000_20260629/simple_s100_a1000_r085/20260629_115739/summary.json	yes	json	3668	45
claim_b_online_frontier_source_summary_jsons.18	18	results/method4_benchmark_matrix/method4_multiassign_expansion_qps_20260629_simple_low/eval3000_20260629/simple_s100_a1000_r090/20260629_115756/summary.json	yes	json	3657	45
claim_b_online_frontier_source_summary_jsons.19	19	results/method4_benchmark_matrix/method4_multiassign_expansion_qps_20260629_simple_low/eval3000_20260629/simple_s100_a1000_r095/20260629_115820/summary.json	yes	json	3675	45
claim_b_online_frontier_source_summary_jsons.20	20	results/method4_benchmark_matrix/method4_multiassign_expansion_qps_20260629_simple_low/eval3000_20260629/simple_s119_a1004_r080/20260629_115914/summary.json	yes	json	3667	45
claim_b_online_frontier_source_summary_jsons.21	21	results/method4_benchmark_matrix/method4_multiassign_expansion_qps_20260629_simple_low/eval3000_20260629/simple_s119_a1004_r085/20260629_120549/summary.json	yes	json	3674	45
claim_b_online_frontier_source_summary_jsons.22	22	results/method4_benchmark_matrix/method4_multiassign_expansion_qps_20260629_simple_low/eval3000_20260629/simple_s119_a1004_r090/20260629_120616/summary.json	yes	json	3687	45
claim_b_online_frontier_source_summary_jsons.23	23	results/method4_benchmark_matrix/method4_multiassign_expansion_qps_20260629_simple_low/eval3000_20260629/simple_s119_a1004_r095/20260629_120652/summary.json	yes	json	3681	45
claim_b_online_frontier_source_summary_jsons.24	24	results/method4_benchmark_matrix/method4_multiassign_expansion_qps_20260629_simple_s157_only/eval3000_20260629/simple_s157_a1010_r080/20260629_121256/summary.json	yes	json	3679	45
claim_b_online_frontier_source_summary_jsons.25	25	results/method4_benchmark_matrix/method4_multiassign_expansion_qps_20260629_simple_s157_only/eval3000_20260629/simple_s157_a1010_r085/20260629_122117/summary.json	yes	json	3684	45
claim_b_online_frontier_source_summary_jsons.26	26	results/method4_benchmark_matrix/method4_multiassign_expansion_qps_20260629_simple_s157_only/eval3000_20260629/simple_s157_a1010_r090/20260629_122146/summary.json	yes	json	3685	45
claim_b_online_frontier_source_summary_jsons.27	27	results/method4_benchmark_matrix/method4_multiassign_expansion_qps_20260629_simple_s157_only/eval3000_20260629/simple_s157_a1010_r095/20260629_122223/summary.json	yes	json	3691	45
claim_b_online_frontier_source_summary_jsons.28	28	results/method4_benchmark_matrix/method4_multiassign_expansion_qps_20260629_simple_s189_only/eval3000_20260629/simple_s189_a1014_r080/20260629_122806/summary.json	yes	json	3666	45
claim_b_online_frontier_source_summary_jsons.29	29	results/method4_benchmark_matrix/method4_multiassign_expansion_qps_20260629_simple_s189_only/eval3000_20260629/simple_s189_a1014_r085/20260629_123753/summary.json	yes	json	3673	45
claim_b_online_frontier_source_summary_jsons.30	30	results/method4_benchmark_matrix/method4_multiassign_expansion_qps_20260629_simple_s189_only/eval3000_20260629/simple_s189_a1014_r090/20260629_123822/summary.json	yes	json	3685	45
claim_b_online_frontier_source_summary_jsons.31	31	results/method4_benchmark_matrix/method4_multiassign_expansion_qps_20260629_simple_s189_only/eval3000_20260629/simple_s189_a1014_r095/20260629_123900/summary.json	yes	json	3691	45
claim_b_online_frontier_strict_keypoints_long_csv	claim_b	results/method4_benchmark_matrix/method4_multiassign_recall_qps_excel_20260630_strict/final_eval_keypoints_long_strict.csv	yes	csv	18954	32
claim_b_online_frontier_strict_readme_md	claim_b	results/method4_benchmark_matrix/method4_multiassign_recall_qps_excel_20260630_strict/README.md	yes	md	1915	NA
claim_b_online_frontier_strict_rollup_dir	claim_b	results/method4_benchmark_matrix/method4_multiassign_recall_qps_excel_20260630_strict	yes	dir	NA	8
claim_b_online_frontier_strict_source_summary_jsons.0	0	results/method4_benchmark_matrix/method4_multiassign_recall_qps_current_20260630_orion_single_low/eval3000_20260630/orion_o100_single_r080_current/20260630_101917/summary.json	yes	json	5152	45
claim_b_online_frontier_strict_source_summary_jsons.1	1	results/method4_benchmark_matrix/method4_multiassign_recall_qps_current_20260630_orion_single_low/eval3000_20260630/orion_o100_single_r085_current/20260630_102621/summary.json	yes	json	4450	45
claim_b_online_frontier_strict_source_summary_jsons.2	2	results/method4_benchmark_matrix/method4_multiassign_expansion_qps_20260629_orion_low_recover/eval3000_20260629/orion_o100_single_r090/20260629_110713/summary.json	yes	json	4433	45
claim_b_online_frontier_strict_source_summary_jsons.3	3	results/method4_benchmark_matrix/method4_multiassign_expansion_qps_20260629_orion_low_recover/eval3000_20260629/orion_o100_single_r095/20260629_110832/summary.json	yes	json	4422	45
claim_b_online_frontier_strict_source_summary_jsons.4	4	results/method4_benchmark_matrix/method4_multiassign_recall_qps_strict_20260630_orion_default/eval3000_20260630/orion_o118_default_r080_strict/20260630_102914/summary.json	yes	json	5182	45
claim_b_online_frontier_strict_source_summary_jsons.5	5	results/method4_benchmark_matrix/method4_multiassign_recall_qps_strict_20260630_orion_default/eval3000_20260630/orion_o118_default_r085_strict/20260630_103628/summary.json	yes	json	4474	45
claim_b_online_frontier_strict_source_summary_jsons.6	6	results/method4_benchmark_matrix/method4_multiassign_recall_qps_strict_20260630_orion_default/eval3000_20260630/orion_o118_default_r090_strict/20260630_103703/summary.json	yes	json	4460	45
claim_b_online_frontier_strict_source_summary_jsons.7	7	results/method4_benchmark_matrix/method4_multiassign_recall_qps_strict_20260630_orion_default/eval3000_20260630/orion_o118_default_r095_strict/20260630_103739/summary.json	yes	json	4457	45
claim_b_online_frontier_strict_source_summary_jsons.8	8	results/method4_benchmark_matrix/method4_multiassign_recall_qps_strict_20260630_orion_w2c2/eval3000_20260630/orion_o149_w2c2_r080_strict/20260630_104031/summary.json	yes	json	5547	45
claim_b_online_frontier_strict_source_summary_jsons.9	9	results/method4_benchmark_matrix/method4_multiassign_recall_qps_strict_20260630_orion_w2c2/eval3000_20260630/orion_o149_w2c2_r085_strict/20260630_104916/summary.json	yes	json	4471	45
claim_b_online_frontier_strict_source_summary_jsons.10	10	results/method4_benchmark_matrix/method4_multiassign_expansion_qps_20260629_orion_high_recover/eval3000_20260629/orion_o149_w2c2_r090/20260629_112556/summary.json	yes	json	4466	45
claim_b_online_frontier_strict_source_summary_jsons.11	11	results/method4_benchmark_matrix/method4_multiassign_expansion_qps_20260629_orion_high_recover/eval3000_20260629/orion_o149_w2c2_r095/20260629_112639/summary.json	yes	json	4460	45
claim_b_online_frontier_strict_source_summary_jsons.12	12	results/method4_benchmark_matrix/method4_multiassign_expansion_qps_20260629_orion_high_recover/eval3000_20260629/orion_o184_w2c3_r080/20260629_112739/summary.json	yes	json	5678	45
claim_b_online_frontier_strict_source_summary_jsons.13	13	results/method4_benchmark_matrix/method4_multiassign_expansion_qps_20260629_orion_high_recover/eval3000_20260629/orion_o184_w2c3_r085/20260629_113813/summary.json	yes	json	4452	45
claim_b_online_frontier_strict_source_summary_jsons.14	14	results/method4_benchmark_matrix/method4_multiassign_expansion_qps_20260629_orion_high_recover/eval3000_20260629/orion_o184_w2c3_r090/20260629_113908/summary.json	yes	json	4453	45
claim_b_online_frontier_strict_source_summary_jsons.15	15	results/method4_benchmark_matrix/method4_multiassign_expansion_qps_20260629_orion_high_recover/eval3000_20260629/orion_o184_w2c3_r095/20260629_113958/summary.json	yes	json	4437	45
claim_b_online_frontier_strict_source_summary_jsons.16	16	results/method4_benchmark_matrix/method4_multiassign_expansion_qps_20260629_simple_low/eval3000_20260629/simple_s100_a1000_r080/20260629_115220/summary.json	yes	json	3656	45
claim_b_online_frontier_strict_source_summary_jsons.17	17	results/method4_benchmark_matrix/method4_multiassign_expansion_qps_20260629_simple_low/eval3000_20260629/simple_s100_a1000_r085/20260629_115739/summary.json	yes	json	3668	45
claim_b_online_frontier_strict_source_summary_jsons.18	18	results/method4_benchmark_matrix/method4_multiassign_recall_qps_strict_20260630_simple_a1000/eval3000_20260630/simple_s100_a1000_r090_strict/20260630_105107/summary.json	yes	json	3681	45
claim_b_online_frontier_strict_source_summary_jsons.19	19	results/method4_benchmark_matrix/method4_multiassign_expansion_qps_20260629_simple_low/eval3000_20260629/simple_s100_a1000_r095/20260629_115820/summary.json	yes	json	3675	45
claim_b_online_frontier_strict_source_summary_jsons.20	20	results/method4_benchmark_matrix/method4_multiassign_expansion_qps_20260629_simple_low/eval3000_20260629/simple_s119_a1004_r080/20260629_115914/summary.json	yes	json	3667	45
claim_b_online_frontier_strict_source_summary_jsons.21	21	results/method4_benchmark_matrix/method4_multiassign_expansion_qps_20260629_simple_low/eval3000_20260629/simple_s119_a1004_r085/20260629_120549/summary.json	yes	json	3674	45
claim_b_online_frontier_strict_source_summary_jsons.22	22	results/method4_benchmark_matrix/method4_multiassign_recall_qps_strict_20260630_simple_a1004/eval3000_20260630/simple_s119_a1004_r090_strict/20260630_105746/summary.json	yes	json	3691	45
claim_b_online_frontier_strict_source_summary_jsons.23	23	results/method4_benchmark_matrix/method4_multiassign_expansion_qps_20260629_simple_low/eval3000_20260629/simple_s119_a1004_r095/20260629_120652/summary.json	yes	json	3681	45
claim_b_online_frontier_strict_source_summary_jsons.24	24	results/method4_benchmark_matrix/method4_multiassign_expansion_qps_20260629_simple_s157_only/eval3000_20260629/simple_s157_a1010_r080/20260629_121256/summary.json	yes	json	3679	45
claim_b_online_frontier_strict_source_summary_jsons.25	25	results/method4_benchmark_matrix/method4_multiassign_expansion_qps_20260629_simple_s157_only/eval3000_20260629/simple_s157_a1010_r085/20260629_122117/summary.json	yes	json	3684	45
claim_b_online_frontier_strict_source_summary_jsons.26	26	results/method4_benchmark_matrix/method4_multiassign_expansion_qps_20260629_simple_s157_only/eval3000_20260629/simple_s157_a1010_r090/20260629_122146/summary.json	yes	json	3685	45
claim_b_online_frontier_strict_source_summary_jsons.27	27	results/method4_benchmark_matrix/method4_multiassign_expansion_qps_20260629_simple_s157_only/eval3000_20260629/simple_s157_a1010_r095/20260629_122223/summary.json	yes	json	3691	45
claim_b_online_frontier_strict_source_summary_jsons.28	28	results/method4_benchmark_matrix/method4_multiassign_expansion_qps_20260629_simple_s189_only/eval3000_20260629/simple_s189_a1014_r080/20260629_122806/summary.json	yes	json	3666	45
claim_b_online_frontier_strict_source_summary_jsons.29	29	results/method4_benchmark_matrix/method4_multiassign_expansion_qps_20260629_simple_s189_only/eval3000_20260629/simple_s189_a1014_r085/20260629_123753/summary.json	yes	json	3673	45
claim_b_online_frontier_strict_source_summary_jsons.30	30	results/method4_benchmark_matrix/method4_multiassign_expansion_qps_20260629_simple_s189_only/eval3000_20260629/simple_s189_a1014_r090/20260629_123822/summary.json	yes	json	3685	45
claim_b_online_frontier_strict_source_summary_jsons.31	31	results/method4_benchmark_matrix/method4_multiassign_expansion_qps_20260629_simple_s189_only/eval3000_20260629/simple_s189_a1014_r095/20260629_123900/summary.json	yes	json	3691	45
claim_b_oracle_miss_dir	claim_b	results/method4_claim_b_oracle_miss_20260704/analysis_20260704_211749	yes	dir	NA	3
claim_b_oracle_miss_metadata_json	claim_b	results/method4_claim_b_oracle_miss_20260704/analysis_20260704_211749/run_metadata.json	yes	json	1607	19
claim_b_oracle_miss_strategy_build_summary_csv	claim_b	results/method4_claim_b_oracle_miss_20260704/analysis_20260704_211749/strategy_build_summary.csv	yes	csv	392	3
claim_b_oracle_miss_summary_csv	claim_b	results/method4_claim_b_oracle_miss_20260704/analysis_20260704_211749/oracle_gt_miss_summary.csv	yes	csv	1674	9
claim_b_raw_provenance_audit_csv	claim_b	results/method4_claim_coverage_20260704/derived_claim_tables/claim_b_raw_provenance_audit_20260708.csv	yes	csv	42728	96
claim_c_evidence_dir	claim_c	results/method4_claim_c_evidence_20260704	yes	dir	NA	6
claim_c_evidence_manifest_json	claim_c	results/method4_claim_c_evidence_20260704/source_manifest.json	yes	json	2367	13
claim_c_latency_analysis_dir	claim_c	results/method4_claim_c_dynamic_vs_fixed_latency_20260704/analysis_20260704_235925	yes	dir	NA	3
claim_c_latency_deltas_csv	claim_c	results/method4_claim_coverage_20260704/derived_claim_tables/claim_c_dynamic_vs_fixed_latency_deltas.csv	yes	csv	883	1
claim_c_latency_matrix_csv	claim_c	results/method4_claim_coverage_20260704/derived_claim_tables/claim_c_dynamic_vs_fixed_latency_matrix.csv	yes	csv	1391	2
claim_c_latency_raw_batches_csv	claim_c	results/method4_claim_c_dynamic_vs_fixed_latency_20260704/analysis_20260704_235925/claim_d_high_recall_latency_batches.csv	yes	csv	11244	90
claim_c_latency_raw_metadata_json	claim_c	results/method4_claim_c_dynamic_vs_fixed_latency_20260704/analysis_20260704_235925/run_metadata.json	yes	json	836	16
claim_c_latency_raw_summary_csv	claim_c	results/method4_claim_c_dynamic_vs_fixed_latency_20260704/analysis_20260704_235925/claim_d_high_recall_latency_summary.csv	yes	csv	1795	6
claim_c_latency_summary_script	claim_c	tools/method4_claim_c_latency_summary.py	yes	py	7785	NA
claim_c_performance_deltas_csv	claim_c	results/method4_claim_c_evidence_20260704/dynamic_vs_fixed_deltas.csv	yes	csv	645	3
claim_c_performance_dynamic_upper_120_summary_json	claim_c	results/method4_claim_c_orion_dynamic_ef_20260625/20260625_122853/summary.json	yes	json	4027	42
claim_c_performance_fixed_upper_120_summary_json	claim_c	results/method4_claim_c_orion_fixed_ef_extended_20260625/20260625_122713/summary.json	yes	json	4043	42
claim_c_performance_frontier_dynamic_095_summary_json	claim_c	results/method4_claim_c_orion_frontier_dynamic_095_robust_confirm_20260625/20260625_132811/summary.json	yes	json	4025	42
claim_c_performance_frontier_dynamic_097_summary_json	claim_c	results/method4_claim_c_orion_frontier_dynamic_097_more_robust_confirm_20260625/20260625_132923/summary.json	yes	json	4057	42
claim_c_performance_frontier_fixed_095_summary_json	claim_c	results/method4_claim_c_orion_frontier_fixed_095_robust_confirm_20260625/20260625_132656/summary.json	yes	json	3996	42
claim_c_performance_frontier_fixed_097_summary_json	claim_c	results/method4_claim_c_orion_frontier_fixed_097_robust_confirm_20260625/20260625_132210/summary.json	yes	json	4031	42
claim_c_performance_summary_csv	claim_c	results/method4_claim_c_evidence_20260704/dynamic_vs_fixed_performance_summary.csv	yes	csv	1677	6
claim_c_raw_provenance_audit_csv	claim_c	results/method4_claim_coverage_20260704/derived_claim_tables/claim_c_raw_provenance_audit_20260708.csv	yes	csv	21709	58
claim_c_relevance_analysis_dir	claim_c	results/method4_claim_c_dynamic_ef_relevance_20260704/analysis_20260704_141217	yes	dir	NA	4
claim_c_relevance_budget_alignment_csv	claim_c	results/method4_claim_c_dynamic_ef_relevance_20260704/analysis_20260704_141217/budget_alignment_summary.csv	yes	csv	1371	3
claim_c_relevance_by_count_csv	claim_c	results/method4_claim_c_dynamic_ef_relevance_20260704/analysis_20260704_141217/routed_ep_relevance_by_count.csv	yes	csv	3753	27
claim_c_relevance_metadata_json	claim_c	results/method4_claim_c_dynamic_ef_relevance_20260704/analysis_20260704_141217/run_metadata.json	yes	json	1471	18
claim_c_routed_ep_relevance_summary_csv	claim_c	results/method4_claim_c_evidence_20260704/routed_ep_relevance_summary.csv	yes	csv	1371	3
claim_d_099_alternate_width_formal_deltas_csv	claim_d	results/method4_claim_coverage_20260704/derived_claim_tables/claim_d_099_alternate_width_formal_deltas.csv	yes	csv	1742	2
claim_d_099_alternate_width_formal_dir	claim_d	results/method4_claim_d_099_alternate_width_formal_20260708/analysis_20260708_100010	yes	dir	NA	3
claim_d_099_alternate_width_formal_raw_metadata_json	claim_d	results/method4_claim_d_099_alternate_width_formal_20260708/analysis_20260708_100010/run_metadata.json	yes	json	1367	29
claim_d_099_alternate_width_formal_raw_summary_csv	claim_d	results/method4_claim_d_099_alternate_width_formal_20260708/analysis_20260708_100010/claim_d_high_recall_latency_summary.csv	yes	csv	2806	9
claim_d_099_alternate_width_formal_summary_csv	claim_d	results/method4_claim_coverage_20260704/derived_claim_tables/claim_d_099_alternate_width_formal_summary.csv	yes	csv	2598	3
claim_d_099_alternate_width_manifest_json	claim_d	results/method4_claim_coverage_20260704/derived_claim_tables/claim_d_099_alternate_width_manifest.json	yes	json	1650	12
claim_d_099_alternate_width_screen_dir	claim_d	results/method4_claim_d_099_alternate_width_screen_20260708/analysis_20260708_095804	yes	dir	NA	3
claim_d_099_alternate_width_screen_raw_metadata_json	claim_d	results/method4_claim_d_099_alternate_width_screen_20260708/analysis_20260708_095804/run_metadata.json	yes	json	1498	29
claim_d_099_alternate_width_screen_raw_summary_csv	claim_d	results/method4_claim_d_099_alternate_width_screen_20260708/analysis_20260708_095804/claim_d_high_recall_latency_summary.csv	yes	csv	2183	7
claim_d_099_alternate_width_screen_summary_csv	claim_d	results/method4_claim_coverage_20260704/derived_claim_tables/claim_d_099_alternate_width_screen_summary.csv	yes	csv	4392	7
claim_d_099_boundary_method4_vs_naive_deltas_csv	claim_d	results/method4_claim_coverage_20260704/derived_claim_tables/claim_d_099_boundary_method4_vs_naive_deltas.csv	yes	csv	3108	4
claim_d_099_boundary_query_order_manifest_json	claim_d	results/method4_claim_coverage_20260704/derived_claim_tables/claim_d_099_boundary_query_order_manifest.json	yes	json	3931	14
claim_d_099_boundary_query_order_multiseed_summary_csv	claim_d	results/method4_claim_coverage_20260704/derived_claim_tables/claim_d_099_boundary_query_order_multiseed_summary.csv	yes	csv	1039	2
claim_d_099_boundary_query_order_overlay_csv	claim_d	results/method4_claim_coverage_20260704/derived_claim_tables/claim_d_099_boundary_query_order_overlay.csv	yes	csv	2489	6
claim_d_099_boundary_query_order_sensitivity_csv	claim_d	results/method4_claim_coverage_20260704/derived_claim_tables/claim_d_099_boundary_query_order_sensitivity.csv	yes	csv	2077	4
claim_d_099_boundary_sensitivity_deltas_csv	claim_d	results/method4_claim_coverage_20260704/derived_claim_tables/claim_d_099_boundary_sensitivity_deltas.csv	yes	csv	2988	6
claim_d_099_boundary_shuffle_batches_csv	claim_d	results/method4_099_boundary_shuffle_20260713/analysis_20260706_140200/claim_d_high_recall_latency_batches.csv	yes	csv	25042	180
claim_d_099_boundary_shuffle_dir	claim_d	results/method4_099_boundary_shuffle_20260713/analysis_20260706_140200	yes	dir	NA	3
claim_d_099_boundary_shuffle_metadata_json	claim_d	results/method4_099_boundary_shuffle_20260713/analysis_20260706_140200/run_metadata.json	yes	json	1343	29
claim_d_099_boundary_shuffle_seed_20260718_batches_csv	claim_d	results/method4_099_boundary_shuffle2_20260718/analysis_20260707_102446/claim_d_high_recall_latency_batches.csv	yes	csv	25060	180
claim_d_099_boundary_shuffle_seed_20260718_dir	claim_d	results/method4_099_boundary_shuffle2_20260718/analysis_20260707_102446	yes	dir	NA	3
claim_d_099_boundary_shuffle_seed_20260718_metadata_json	claim_d	results/method4_099_boundary_shuffle2_20260718/analysis_20260707_102446/run_metadata.json	yes	json	1343	29
claim_d_099_boundary_shuffle_seed_20260718_summary_csv	claim_d	results/method4_099_boundary_shuffle2_20260718/analysis_20260707_102446/claim_d_high_recall_latency_summary.csv	yes	csv	2018	6
claim_d_099_boundary_shuffle_summary_csv	claim_d	results/method4_099_boundary_shuffle_20260713/analysis_20260706_140200/claim_d_high_recall_latency_summary.csv	yes	csv	2050	6
claim_d_099_boundary_warmup_batches_csv	claim_d	results/method4_099_boundary_warmup_20260713/analysis_20260706_141159/claim_d_high_recall_latency_batches.csv	yes	csv	25049	180
claim_d_099_boundary_warmup_dir	claim_d	results/method4_099_boundary_warmup_20260713/analysis_20260706_141159	yes	dir	NA	3
claim_d_099_boundary_warmup_metadata_json	claim_d	results/method4_099_boundary_warmup_20260713/analysis_20260706_141159/run_metadata.json	yes	json	1343	29
claim_d_099_boundary_warmup_method4_vs_naive_deltas_csv	claim_d	results/method4_claim_coverage_20260704/derived_claim_tables/claim_d_099_boundary_warmup_method4_vs_naive_deltas.csv	yes	csv	1762	2
claim_d_099_boundary_warmup_overlay_csv	claim_d	results/method4_claim_coverage_20260704/derived_claim_tables/claim_d_099_boundary_warmup_overlay.csv	yes	csv	1896	4
claim_d_099_boundary_warmup_sensitivity_csv	claim_d	results/method4_claim_coverage_20260704/derived_claim_tables/claim_d_099_boundary_warmup_sensitivity.csv	yes	csv	1141	2
claim_d_099_boundary_warmup_summary_csv	claim_d	results/method4_099_boundary_warmup_20260713/analysis_20260706_141159/claim_d_high_recall_latency_summary.csv	yes	csv	1992	6
claim_d_099_broader_strategy_formal_deltas_csv	claim_d	results/method4_claim_coverage_20260704/derived_claim_tables/claim_d_099_broader_strategy_formal_deltas.csv	yes	csv	3249	4
claim_d_099_broader_strategy_formal_dir	claim_d	results/method4_claim_d_099_broader_formal_20260707/analysis_20260707_111008	yes	dir	NA	3
claim_d_099_broader_strategy_formal_summary_csv	claim_d	results/method4_claim_coverage_20260704/derived_claim_tables/claim_d_099_broader_strategy_formal_summary.csv	yes	csv	4388	6
claim_d_099_broader_strategy_manifest_json	claim_d	results/method4_claim_coverage_20260704/derived_claim_tables/claim_d_099_broader_strategy_manifest.json	yes	json	2596	11
claim_d_099_broader_strategy_screen_dir	claim_d	results/method4_claim_d_099_broader_screen_20260707/analysis_20260707_110802	yes	dir	NA	3
claim_d_099_broader_strategy_screen_summary_csv	claim_d	results/method4_claim_coverage_20260704/derived_claim_tables/claim_d_099_broader_strategy_screen_summary.csv	yes	csv	3701	7
claim_d_099_broader_strategy_top_recall_formal_dir	claim_d	results/method4_claim_d_099_broader_top_recall_formal_20260707/analysis_20260707_112432	yes	dir	NA	3
claim_d_099_broader_strategy_top_recall_formal_raw_summary_csv	claim_d	results/method4_claim_d_099_broader_top_recall_formal_20260707/analysis_20260707_112432/claim_d_high_recall_latency_summary.csv	yes	csv	2797	9
claim_d_099_retune_deltas_csv	claim_d	results/method4_claim_coverage_20260704/derived_claim_tables/claim_d_099_retune_deltas.csv	yes	csv	1370	2
claim_d_099_retune_formal_dir	claim_d	results/method4_claim_d_099_retune_20260705/analysis_20260705_022625	yes	dir	NA	3
claim_d_099_retune_root	claim_d	results/method4_claim_d_099_retune_20260705	yes	dir	NA	3
claim_d_099_retune_summary_csv	claim_d	results/method4_claim_coverage_20260704/derived_claim_tables/claim_d_099_retune_summary.csv	yes	csv	1987	4
claim_d_099_retune_tuning_candidates_500q_csv	claim_d	results/method4_claim_coverage_20260704/derived_claim_tables/claim_d_099_retune_tuning_candidates_500q.csv	yes	csv	5066	22
claim_d_099_strategy_search_deltas_csv	claim_d	results/method4_claim_coverage_20260704/derived_claim_tables/claim_d_099_strategy_search_deltas.csv	yes	csv	5496	8
claim_d_099_strategy_search_dir	claim_d	results/method4_claim_d_099_strategy_search_20260705/analysis_20260705_074939	yes	dir	NA	3
claim_d_099_strategy_search_raw_batches_csv	claim_d	results/method4_claim_d_099_strategy_search_20260705/analysis_20260705_074939/claim_d_high_recall_latency_batches.csv	yes	csv	49834	360
claim_d_099_strategy_search_raw_metadata_json	claim_d	results/method4_claim_d_099_strategy_search_20260705/analysis_20260705_074939/run_metadata.json	yes	json	1394	29
claim_d_099_strategy_search_raw_summary_csv	claim_d	results/method4_claim_d_099_strategy_search_20260705/analysis_20260705_074939/claim_d_high_recall_latency_summary.csv	yes	csv	3652	12
claim_d_099_strategy_search_summary_csv	claim_d	results/method4_claim_coverage_20260704/derived_claim_tables/claim_d_099_strategy_search_summary.csv	yes	csv	4757	8
claim_d_099_strategy_search_top_screen_deltas_csv	claim_d	results/method4_claim_coverage_20260704/derived_claim_tables/claim_d_099_strategy_search_top_screen_deltas.csv	yes	csv	3036	4
claim_d_099_strategy_search_top_screen_dir	claim_d	results/method4_claim_d_099_strategy_search_20260706/top_screen_candidates/analysis_20260706_130013	yes	dir	NA	3
claim_d_099_strategy_search_top_screen_raw_batches_csv	claim_d	results/method4_claim_d_099_strategy_search_20260706/top_screen_candidates/analysis_20260706_130013/claim_d_high_recall_latency_batches.csv	yes	csv	49847	360
claim_d_099_strategy_search_top_screen_raw_metadata_json	claim_d	results/method4_claim_d_099_strategy_search_20260706/top_screen_candidates/analysis_20260706_130013/run_metadata.json	yes	json	1394	29
claim_d_099_strategy_search_top_screen_raw_summary_csv	claim_d	results/method4_claim_d_099_strategy_search_20260706/top_screen_candidates/analysis_20260706_130013/claim_d_high_recall_latency_summary.csv	yes	csv	3647	12
claim_d_099_strategy_search_top_screen_summary_csv	claim_d	results/method4_claim_coverage_20260704/derived_claim_tables/claim_d_099_strategy_search_top_screen_summary.csv	yes	csv	2743	4
claim_d_batch200_high_recall_deltas_csv	claim_d	results/method4_claim_coverage_20260704/derived_claim_tables/claim_d_batch200_high_recall_deltas.csv	yes	csv	2625	2
claim_d_batch200_high_recall_dir	claim_d	results/method4_claim_d_batch200_targets_20260708/analysis_20260708_104611	yes	dir	NA	3
claim_d_batch200_high_recall_manifest_json	claim_d	results/method4_claim_coverage_20260704/derived_claim_tables/claim_d_batch200_high_recall_manifest.json	yes	json	2184	11
claim_d_batch200_high_recall_raw_batches_csv	claim_d	results/method4_claim_d_batch200_targets_20260708/analysis_20260708_104611/claim_d_high_recall_latency_batches.csv	yes	csv	26174	180
claim_d_batch200_high_recall_raw_metadata_json	claim_d	results/method4_claim_d_batch200_targets_20260708/analysis_20260708_104611/run_metadata.json	yes	json	1416	29
claim_d_batch200_high_recall_raw_summary_csv	claim_d	results/method4_claim_d_batch200_targets_20260708/analysis_20260708_104611/claim_d_high_recall_latency_summary.csv	yes	csv	3729	12
claim_d_batch200_high_recall_summary_csv	claim_d	results/method4_claim_coverage_20260704/derived_claim_tables/claim_d_batch200_high_recall_summary.csv	yes	csv	6745	4
claim_d_high_recall_latency_dir	claim_d	results/method4_claim_d_high_recall_latency_20260704/analysis_20260704_215448	yes	dir	NA	3
claim_d_high_recall_latency_pairs_csv	claim_d	results/method4_claim_coverage_20260704/derived_claim_tables/claim_d_high_recall_latency_pairs.csv	yes	csv	2726	4
claim_d_high_recall_latency_refine_dir	claim_d	results/method4_claim_d_high_recall_latency_refine_20260704/analysis_20260704_220036	yes	dir	NA	3
claim_d_high_recall_latency_script	claim_d	tools/method4_claim_d_high_recall_latency.py	yes	py	27786	NA
claim_e_build_stage_artifact_audit_csv	claim_e	results/method4_claim_coverage_20260704/derived_claim_tables/claim_e_build_stage_artifact_audit.csv	yes	csv	1488	3
claim_e_build_stage_instrumented_smoke_csv	claim_e	results/method4_claim_coverage_20260704/derived_claim_tables/claim_e_build_stage_instrumented_smoke_20260707.csv	yes	csv	1962	1
claim_e_build_stage_instrumented_smoke_manifest_json	claim_e	results/method4_claim_coverage_20260704/derived_claim_tables/claim_e_build_stage_instrumented_smoke_manifest.json	yes	json	3409	10
claim_e_build_stage_smoke_builds_csv	claim_e	results/method4_claim_e_build_stage_smoke_20260707/claim_e_build_smoke_20260707_085303/20260707_085328/builds.csv	yes	csv	324	1
claim_e_build_stage_smoke_raw_stdout	claim_e	results/method4_claim_e_build_stage_smoke_20260707/raw_claim_e_build_smoke_20260707_085303/stdout.txt	yes	txt	515	NA
claim_e_build_stage_smoke_run_root	claim_e	results/method4_claim_e_build_stage_smoke_20260707/claim_e_build_smoke_20260707_085303/20260707_085328	yes	dir	NA	6
claim_e_build_stage_smoke_summary_json	claim_e	results/method4_claim_e_build_stage_smoke_20260707/claim_e_build_smoke_20260707_085303/20260707_085328/summary.json	yes	json	4614	50
claim_e_build_stage_smoke_time_stderr	claim_e	results/method4_claim_e_build_stage_smoke_20260707/raw_claim_e_build_smoke_20260707_085303/time_v_stderr.txt	yes	txt	1272	NA
claim_e_container_memory_batches_csv	claim_e	results/method4_claim_e_container_overhead_memory_20260705/analysis_20260705_040749/claim_e_container_overhead_batches.csv	yes	csv	32706	135
claim_e_container_memory_derived_deltas_csv	claim_e	results/method4_claim_coverage_20260704/derived_claim_tables/claim_e_container_memory_deltas.csv	yes	csv	1508	2
claim_e_container_memory_derived_summary_csv	claim_e	results/method4_claim_coverage_20260704/derived_claim_tables/claim_e_container_memory_summary.csv	yes	csv	2252	3
claim_e_container_memory_dir	claim_e	results/method4_claim_e_container_overhead_memory_20260705/analysis_20260705_040749	yes	dir	NA	4
claim_e_container_memory_samples_csv	claim_e	results/method4_claim_e_container_overhead_memory_20260705/analysis_20260705_040749/claim_e_container_overhead_samples.csv	yes	csv	26416	144
claim_e_container_memory_summary_csv	claim_e	results/method4_claim_e_container_overhead_memory_20260705/analysis_20260705_040749/claim_e_container_overhead_summary.csv	yes	csv	7609	9
claim_e_container_overhead_batches_csv	claim_e	results/method4_claim_e_container_overhead_20260705/analysis_20260705_024218/claim_e_container_overhead_batches.csv	yes	csv	32739	135
claim_e_container_overhead_derived_deltas_csv	claim_e	results/method4_claim_coverage_20260704/derived_claim_tables/claim_e_container_overhead_deltas.csv	yes	csv	2143	2
claim_e_container_overhead_derived_summary_csv	claim_e	results/method4_claim_coverage_20260704/derived_claim_tables/claim_e_container_overhead_summary.csv	yes	csv	3454	3
claim_e_container_overhead_dir	claim_e	results/method4_claim_e_container_overhead_20260705/analysis_20260705_024218	yes	dir	NA	4
claim_e_container_overhead_samples_csv	claim_e	results/method4_claim_e_container_overhead_20260705/analysis_20260705_024218/claim_e_container_overhead_samples.csv	yes	csv	19571	144
claim_e_container_overhead_script	claim_e	tools/method4_claim_e_container_overhead.py	yes	py	25522	NA
claim_e_container_overhead_summary_csv	claim_e	results/method4_claim_e_container_overhead_20260705/analysis_20260705_024218/claim_e_container_overhead_summary.csv	yes	csv	6073	9
claim_e_controller_process_attribution_deltas_csv	claim_e	results/method4_claim_coverage_20260704/derived_claim_tables/claim_e_controller_process_attribution_deltas.csv	yes	csv	8255	42
claim_e_controller_process_attribution_manifest_json	claim_e	results/method4_claim_coverage_20260704/derived_claim_tables/claim_e_controller_process_attribution_manifest.json	yes	json	3169	13
claim_e_controller_process_attribution_pid_map_json	claim_e	results/method4_claim_e_controller_process_attribution_20260707/batch200_all_variants_20260707_091900/process_pid_map.json	yes	json	385	4
claim_e_controller_process_attribution_raw_manifest_json	claim_e	results/method4_claim_e_controller_process_attribution_20260707/batch200_all_variants_20260707_091900/run_manifest.json	yes	json	7259	10
claim_e_controller_process_attribution_raw_run_rows_csv	claim_e	results/method4_claim_e_controller_process_attribution_20260707/batch200_all_variants_20260707_091900/raw_run_rows.csv	yes	csv	3675	3
claim_e_controller_process_attribution_run_root	claim_e	results/method4_claim_e_controller_process_attribution_20260707/batch200_all_variants_20260707_091900	yes	dir	NA	6
claim_e_controller_process_attribution_summary_csv	claim_e	results/method4_claim_coverage_20260704/derived_claim_tables/claim_e_controller_process_attribution_summary.csv	yes	csv	13374	18
claim_e_cost_row_build_source_audit_csv	claim_e	results/method4_claim_coverage_20260704/derived_claim_tables/claim_e_cost_row_build_source_audit.csv	yes	csv	6272	9
claim_e_execution_mode_latency_batches_csv	claim_e	results/method4_claim_e_execution_mode_latency_20260704/analysis_20260704_225847/claim_e_execution_mode_latency_batches.csv	yes	csv	236436	993
claim_e_execution_mode_latency_deltas_csv	claim_e	results/method4_claim_coverage_20260704/derived_claim_tables/claim_e_execution_mode_latency_deltas.csv	yes	csv	4612	8
claim_e_execution_mode_latency_dir	claim_e	results/method4_claim_e_execution_mode_latency_20260704/analysis_20260704_225847	yes	dir	NA	3
claim_e_execution_mode_latency_matrix_csv	claim_e	results/method4_claim_coverage_20260704/derived_claim_tables/claim_e_execution_mode_latency_matrix.csv	yes	csv	5044	12
claim_e_execution_mode_latency_script	claim_e	tools/method4_claim_e_execution_mode_latency.py	yes	py	19643	NA
claim_e_execution_mode_latency_summary_csv	claim_e	results/method4_claim_e_execution_mode_latency_20260704/analysis_20260704_225847/claim_e_execution_mode_latency_summary.csv	yes	csv	13414	36
claim_e_host_interface_bytes_derived_deltas_csv	claim_e	results/method4_claim_coverage_20260704/derived_claim_tables/claim_e_host_interface_bytes_deltas.csv	yes	csv	5576	10
claim_e_host_interface_bytes_derived_summary_csv	claim_e	results/method4_claim_coverage_20260704/derived_claim_tables/claim_e_host_interface_bytes_role_summary.csv	yes	csv	11586	15
claim_e_host_interface_bytes_dir	claim_e	results/method4_claim_e_host_interface_bytes_20260705/analysis_20260705_061525	yes	dir	NA	5
claim_e_host_interface_bytes_interfaces_csv	claim_e	results/method4_claim_e_host_interface_bytes_20260705/analysis_20260705_061525/claim_e_host_interface_bytes_interfaces.csv	yes	csv	40383	189
claim_e_host_interface_bytes_script	claim_e	tools/method4_claim_e_host_interface_bytes.py	yes	py	14241	NA
claim_e_host_interface_bytes_summary_csv	claim_e	results/method4_claim_e_host_interface_bytes_20260705/analysis_20260705_061525/claim_e_host_interface_bytes_summary.csv	yes	csv	10927	45
claim_e_host_interface_latency_summary_csv	claim_e	results/method4_claim_e_host_interface_bytes_20260705/analysis_20260705_061525/claim_e_host_interface_latency_summary.csv	yes	csv	4202	9
claim_e_packet_capture_bridge_deltas_csv	claim_e	results/method4_claim_coverage_20260704/derived_claim_tables/claim_e_packet_capture_bridge_deltas.csv	yes	csv	1504	2
claim_e_packet_capture_bridge_summary_csv	claim_e	results/method4_claim_coverage_20260704/derived_claim_tables/claim_e_packet_capture_bridge_summary.csv	yes	csv	5888	12
claim_e_packet_capture_bridge_totals_csv	claim_e	results/method4_claim_coverage_20260704/derived_claim_tables/claim_e_packet_capture_bridge_totals.csv	yes	csv	2412	3
claim_e_packet_capture_dir	claim_e	results/method4_claim_e_packet_capture_20260706/per_variant_repeats3_20260706_122755	yes	dir	NA	3
claim_e_packet_capture_latency_summary_csv	claim_e	results/method4_claim_coverage_20260704/derived_claim_tables/claim_e_packet_capture_latency_summary.csv	yes	csv	1376	3
claim_e_packet_capture_manifest_json	claim_e	results/method4_claim_coverage_20260704/derived_claim_tables/claim_e_packet_capture_manifest.json	yes	json	1154	15
claim_e_packet_capture_physical_nic_execution_summary_csv	claim_e	results/method4_claim_coverage_20260704/derived_claim_tables/claim_e_packet_capture_physical_nic_execution_summary.csv	yes	csv	1310	3
claim_e_packet_capture_physical_nic_manifest_json	claim_e	results/method4_claim_coverage_20260704/derived_claim_tables/claim_e_packet_capture_physical_nic_manifest.json	yes	json	2533	28
claim_e_packet_capture_physical_nic_raw_execution_batches_csv	claim_e	results/method4_claim_e_packet_capture_physical_nic_20260707/all_variants_repeats3_preload_20260707_082833/execution_modes/analysis_20260707_082835/claim_e_execution_mode_latency_batches.csv	yes	csv	32745	135
claim_e_packet_capture_physical_nic_raw_execution_summary_csv	claim_e	results/method4_claim_e_packet_capture_physical_nic_20260707/all_variants_repeats3_preload_20260707_082833/execution_modes/analysis_20260707_082835/claim_e_execution_mode_latency_summary.csv	yes	csv	3824	9
claim_e_packet_capture_physical_nic_run_root	claim_e	results/method4_claim_e_packet_capture_physical_nic_20260707/all_variants_repeats3_preload_20260707_082833	yes	dir	NA	8
claim_e_packet_capture_physical_nic_summary_csv	claim_e	results/method4_claim_coverage_20260704/derived_claim_tables/claim_e_packet_capture_physical_nic_summary.csv	yes	csv	1056	2
claim_e_packet_capture_physical_nic_totals_csv	claim_e	results/method4_claim_coverage_20260704/derived_claim_tables/claim_e_packet_capture_physical_nic_totals.csv	yes	csv	1455	2
claim_e_packet_capture_script	claim_e	tools/method4_claim_e_packet_capture_summary.py	yes	py	10107	NA
claim_e_payload_bytes_batches_csv	claim_e	results/method4_claim_e_payload_bytes_20260705/analysis_20260705_014703/claim_e_payload_bytes_batches.csv	yes	csv	32723	339
claim_e_payload_bytes_derived_batches_csv	claim_e	results/method4_claim_coverage_20260704/derived_claim_tables/claim_e_payload_bytes_batches.csv	yes	csv	32723	339
claim_e_payload_bytes_derived_summary_csv	claim_e	results/method4_claim_coverage_20260704/derived_claim_tables/claim_e_payload_bytes_summary.csv	yes	csv	3422	12
claim_e_payload_bytes_dir	claim_e	results/method4_claim_e_payload_bytes_20260705/analysis_20260705_014703	yes	dir	NA	3
claim_e_payload_bytes_script	claim_e	tools/method4_claim_e_payload_bytes.py	yes	py	15193	NA
claim_e_payload_bytes_summary_csv	claim_e	results/method4_claim_e_payload_bytes_20260705/analysis_20260705_014703/claim_e_payload_bytes_summary.csv	yes	csv	3422	12
claim_e_planning_time_derived_summary_csv	claim_e	results/method4_claim_coverage_20260704/derived_claim_tables/claim_e_planning_time_summary.csv	yes	csv	1404	3
claim_e_planning_time_dir	claim_e	results/method4_claim_e_planning_time_20260705/analysis_20260705_021347	yes	dir	NA	2
claim_e_planning_time_script	claim_e	tools/method4_claim_e_planning_time.py	yes	py	11982	NA
claim_e_planning_time_summary_csv	claim_e	results/method4_claim_e_planning_time_20260705/analysis_20260705_021347/claim_e_planning_time_summary.csv	yes	csv	1404	3
claim_e_process_rss_batches_csv	claim_e	results/method4_claim_e_process_rss_20260705/analysis_20260705_042151/claim_e_container_overhead_batches.csv	yes	csv	32728	135
claim_e_process_rss_derived_deltas_csv	claim_e	results/method4_claim_coverage_20260704/derived_claim_tables/claim_e_process_rss_deltas.csv	yes	csv	1478	2
claim_e_process_rss_derived_summary_csv	claim_e	results/method4_claim_coverage_20260704/derived_claim_tables/claim_e_process_rss_summary.csv	yes	csv	1907	3
claim_e_process_rss_dir	claim_e	results/method4_claim_e_process_rss_20260705/analysis_20260705_042151	yes	dir	NA	4
claim_e_process_rss_samples_csv	claim_e	results/method4_claim_e_process_rss_20260705/analysis_20260705_042151/claim_e_container_overhead_samples.csv	yes	csv	28715	144
claim_e_process_rss_summary_csv	claim_e	results/method4_claim_e_process_rss_20260705/analysis_20260705_042151/claim_e_container_overhead_summary.csv	yes	csv	8442	9
claim_e_qdrant_metrics_derived_deltas_csv	claim_e	results/method4_claim_coverage_20260704/derived_claim_tables/claim_e_qdrant_metrics_deltas.csv	yes	csv	4736	2
claim_e_qdrant_metrics_derived_summary_csv	claim_e	results/method4_claim_coverage_20260704/derived_claim_tables/claim_e_qdrant_metrics_summary.csv	yes	csv	7273	3
claim_e_qdrant_metrics_dir	claim_e	results/method4_claim_e_qdrant_metrics_20260705/analysis_20260705_073436	yes	dir	NA	4
claim_e_qdrant_metrics_raw_batches_csv	claim_e	results/method4_claim_e_qdrant_metrics_20260705/analysis_20260705_073436/claim_e_qdrant_metrics_batches.csv	yes	csv	32714	135
claim_e_qdrant_metrics_raw_metadata_json	claim_e	results/method4_claim_e_qdrant_metrics_20260705/analysis_20260705_073436/run_metadata.json	yes	json	1780	19
claim_e_qdrant_metrics_raw_samples_csv	claim_e	results/method4_claim_e_qdrant_metrics_20260705/analysis_20260705_073436/claim_e_qdrant_metrics_samples.csv	yes	csv	130751	1026
claim_e_qdrant_metrics_raw_summary_csv	claim_e	results/method4_claim_e_qdrant_metrics_20260705/analysis_20260705_073436/claim_e_qdrant_metrics_summary.csv	yes	csv	6677	9
claim_e_qdrant_metrics_script	claim_e	tools/method4_claim_e_qdrant_metrics.py	yes	py	18697	NA
claim_e_wire_bytes_batches_csv	claim_e	results/method4_claim_e_wire_bytes_20260705/analysis_20260705_020000/claim_e_wire_bytes_batches.csv	yes	csv	9445	45
claim_e_wire_bytes_derived_batches_csv	claim_e	results/method4_claim_coverage_20260704/derived_claim_tables/claim_e_wire_bytes_batches.csv	yes	csv	9445	45
claim_e_wire_bytes_derived_summary_csv	claim_e	results/method4_claim_coverage_20260704/derived_claim_tables/claim_e_wire_bytes_summary.csv	yes	csv	1655	3
claim_e_wire_bytes_dir	claim_e	results/method4_claim_e_wire_bytes_20260705/analysis_20260705_020000	yes	dir	NA	3
claim_e_wire_bytes_script	claim_e	tools/method4_claim_e_wire_bytes.py	yes	py	23907	NA
claim_e_wire_bytes_summary_csv	claim_e	results/method4_claim_e_wire_bytes_20260705/analysis_20260705_020000/claim_e_wire_bytes_summary.csv	yes	csv	1655	3
claim_evidence_audit_csv	claim_e	results/method4_claim_coverage_20260704/claim_evidence_audit.csv	yes	csv	44372	8
claim_f_direct_peer_premerge_baseline_summary_json	claim_f	results/qdrant_goal_recall_idea_095_direct_peer_premerge_ab_baseline/20260603_080131/summary.json	yes	json	4072	41
claim_f_direct_peer_premerge_premerged_summary_json	claim_f	results/qdrant_goal_recall_idea_095_direct_peer_premerge_ab_premerged/20260603_080247/summary.json	yes	json	4068	41
claim_f_premerge_batch_latency_batches_csv	claim_f	results/method4_claim_f_premerge_batch_latency_20260704/analysis_20260704_222700/claim_f_premerge_batch_latency_batches.csv	yes	csv	169013	1017
claim_f_premerge_batch_latency_deltas_csv	claim_f	results/method4_claim_coverage_20260704/derived_claim_tables/claim_f_premerge_batch_latency_deltas.csv	yes	csv	2225	8
claim_f_premerge_batch_latency_dir	claim_f	results/method4_claim_f_premerge_batch_latency_20260704/analysis_20260704_222700	yes	dir	NA	3
claim_f_premerge_batch_latency_matrix_csv	claim_f	results/method4_claim_coverage_20260704/derived_claim_tables/claim_f_premerge_batch_latency_matrix.csv	yes	csv	6437	12
claim_f_premerge_batch_latency_script	claim_f	tools/method4_claim_f_premerge_batch_latency.py	yes	py	21259	NA
claim_f_premerge_batch_latency_summary_csv	claim_f	results/method4_claim_f_premerge_batch_latency_20260704/analysis_20260704_222700/claim_f_premerge_batch_latency_summary.csv	yes	csv	12767	36
claim_f_server_peer_premerge_disabled_fresh_summary_json	claim_f	results/qdrant_goal_recall_idea_095_server_peer_premerge_disabled_fresh/20260603_092949/summary.json	yes	json	3988	41
claim_f_server_peer_premerge_enabled_10k_final_metrics_csv	claim_f	results/qdrant_goal_recall_idea_095_server_peer_premerge_10k/20260603_090738/final_metrics.csv	yes	csv	363	1
claim_f_server_peer_premerge_enabled_10k_summary_json	claim_f	results/qdrant_goal_recall_idea_095_server_peer_premerge_10k/20260603_090738/summary.json	yes	json	3956	41
claim_f_server_peer_premerge_enabled_fresh_summary_json	claim_f	results/qdrant_goal_recall_idea_095_server_peer_premerge_fresh/20260603_092757/summary.json	yes	json	3973	41
claim_f_server_peer_premerge_retained_summary_json	claim_f	results/qdrant_goal_recall_idea_095_server_peer_premerge/20260603_090530/summary.json	yes	json	4004	41
claim_f_worker_local_premerge_csv	claim_f	results/method4_claim_coverage_20260704/derived_claim_tables/claim_f_worker_local_premerge.csv	yes	csv	2151	5
claim_g_evidence_dir	claim_g	results/method4_claim_g_evidence_20260704	yes	dir	NA	10
claim_g_evidence_manifest_json	claim_g	results/method4_claim_g_evidence_20260704/source_manifest.json	yes	json	2727	12
claim_g_matched_method4_aware_deploy_dir	claim_g	results/method4_claim_g_matched_layout_deploy_20260704/20260704_170511	yes	dir	NA	3
claim_g_matched_method4_aware_deploy_metadata_json	claim_g	results/method4_claim_g_matched_layout_deploy_20260704/20260704_170511/run_metadata.json	yes	json	1833	15
claim_g_matched_size_balanced_deploy_dir	claim_g	results/method4_claim_g_matched_layout_deploy_20260704/20260704_171202	yes	dir	NA	3
claim_g_matched_size_balanced_deploy_metadata_json	claim_g	results/method4_claim_g_matched_layout_deploy_20260704/20260704_171202/run_metadata.json	yes	json	1837	15
claim_g_offline_physical_layout_raw_deltas_csv	claim_g	results/method4_claim_g_physical_layout_20260704/analysis_20260704_164039/placement_offline_deltas.csv	yes	csv	1646	6
claim_g_offline_physical_layout_raw_dir	claim_g	results/method4_claim_g_physical_layout_20260704/analysis_20260704_164039	yes	dir	NA	5
claim_g_offline_physical_layout_raw_metadata_json	claim_g	results/method4_claim_g_physical_layout_20260704/analysis_20260704_164039/run_metadata.json	yes	json	1087	19
claim_g_offline_physical_layout_raw_summary_csv	claim_g	results/method4_claim_g_physical_layout_20260704/analysis_20260704_164039/placement_offline_summary.csv	yes	csv	3976	9
claim_g_offline_placement_deltas_csv	claim_g	results/method4_claim_coverage_20260704/derived_claim_tables/claim_g_offline_placement_deltas.csv	yes	csv	1646	6
claim_g_offline_placement_summary_csv	claim_g	results/method4_claim_g_evidence_20260704/offline_placement_summary.csv	yes	csv	3976	9
claim_g_online_batch_latency_deltas_csv	claim_g	results/method4_claim_coverage_20260704/derived_claim_tables/claim_g_online_batch_latency_deltas.csv	yes	csv	1632	4
claim_g_online_batch_latency_raw_dir	claim_g	results/method4_claim_g_batch_latency_20260704/analysis_20260704_172015	yes	dir	NA	3
claim_g_online_batch_latency_raw_metadata_json	claim_g	results/method4_claim_g_batch_latency_20260704/analysis_20260704_172015/run_metadata.json	yes	json	1307	17
claim_g_online_batch_latency_raw_per_batch_csv	claim_g	results/method4_claim_g_batch_latency_20260704/analysis_20260704_172015/batch_latency_per_batch.csv	yes	csv	48687	405
claim_g_online_batch_latency_raw_runs_csv	claim_g	results/method4_claim_g_batch_latency_20260704/analysis_20260704_172015/batch_latency_runs.csv	yes	csv	4702	18
claim_g_online_batch_latency_summary_csv	claim_g	results/method4_claim_coverage_20260704/derived_claim_tables/claim_g_online_batch_latency_summary.csv	yes	csv	2871	6
claim_g_online_concurrency8_latency_deltas_csv	claim_g	results/method4_claim_g_evidence_20260704/online_concurrency8_latency_deltas.csv	yes	csv	762	1
claim_g_online_concurrency8_latency_summary_csv	claim_g	results/method4_claim_g_evidence_20260704/online_concurrency8_latency_summary.csv	yes	csv	1101	2
claim_g_online_concurrency8_raw_dir	claim_g	results/method4_claim_g_online_latency_20260704/analysis_20260704_165643	yes	dir	NA	3
claim_g_online_concurrency8_raw_metadata_json	claim_g	results/method4_claim_g_online_latency_20260704/analysis_20260704_165643/run_metadata.json	yes	json	1181	19
claim_g_online_concurrency8_raw_summary_csv	claim_g	results/method4_claim_g_online_latency_20260704/analysis_20260704_165643/online_single_query_latency_summary.csv	yes	csv	1545	6
claim_g_online_invalid_route_mismatch_diagnostic_dir	claim_g	results/method4_claim_g_online_latency_20260704/analysis_20260704_164441	yes	dir	NA	3
claim_g_online_low_pressure_diagnostic_dir	claim_g	results/method4_claim_g_online_latency_20260704/analysis_20260704_165135	yes	dir	NA	3
claim_g_physical_layout_doc	claim_g	docs/experiments/2026-07-04-method4-claim-g-physical-layout-evidence.md	yes	md	10931	NA
claim_g_raw_provenance_audit_csv	claim_g	results/method4_claim_coverage_20260704/derived_claim_tables/claim_g_raw_provenance_audit_20260708.csv	yes	csv	7630	22
claim_h_semantic_audit_dir	claim_h	results/method4_claim_h_semantic_audit_20260704/audit_20260704_210845	yes	dir	NA	4
claim_h_semantic_audit_summary_csv	claim_h	results/method4_claim_h_semantic_audit_20260704/audit_20260704_210845/semantic_invariant_summary.csv	yes	csv	673	9
claim_requirements_csv	claim	results/method4_claim_coverage_20260704/claim_requirements.csv	yes	csv	8223	8
claim_support_data_index_csv	claim_support	results/method4_claim_coverage_20260704/derived_claim_tables/claim_support_data_index.csv	yes	csv	66620	47
crosscut_cost_analysis_dir	crosscut	results/method4_claim_cost_analysis_20260704/analysis_20260704_232343	yes	dir	NA	3
crosscut_cost_analysis_script	crosscut	tools/method4_claim_cost_analysis.py	yes	py	22999	NA
crosscut_cost_main_collections_csv	crosscut	results/method4_claim_coverage_20260704/derived_claim_tables/crosscut_cost_main_collections.csv	yes	csv	5738	9
crosscut_cost_storage_du_csv	crosscut	results/method4_claim_coverage_20260704/derived_claim_tables/crosscut_cost_storage_du.csv	yes	csv	11042	76
crosscut_request_candidate_pressure_proxy_csv	crosscut	results/method4_claim_coverage_20260704/derived_claim_tables/crosscut_request_candidate_pressure_proxy.csv	yes	csv	10468	23
crosscut_request_candidate_pressure_proxy_script	crosscut	tools/method4_claim_cost_proxy_metrics.py	yes	py	6791	NA
crosscut_shard_scaling_latency_deltas_csv	crosscut	results/method4_claim_coverage_20260704/derived_claim_tables/crosscut_shard_scaling_latency_095_deltas.csv	yes	csv	6073	9
crosscut_shard_scaling_latency_kmeans_s31_dir	crosscut	results/method4_shard_scaling_latency_20260705/kmeans_s31/analysis_20260705_034019	yes	dir	NA	3
crosscut_shard_scaling_latency_kmeans_s46_dir	crosscut	results/method4_shard_scaling_latency_20260705/kmeans_s46/analysis_20260705_034149	yes	dir	NA	3
crosscut_shard_scaling_latency_matrix_csv	crosscut	results/method4_claim_coverage_20260704/derived_claim_tables/crosscut_shard_scaling_latency_095.csv	yes	csv	5260	6
crosscut_shard_scaling_latency_naive_s31_dir	crosscut	results/method4_shard_scaling_latency_20260705/naive_s31/analysis_20260705_031951	yes	dir	NA	3
crosscut_shard_scaling_latency_naive_s46_dir	crosscut	results/method4_shard_scaling_latency_20260705/naive_s46/analysis_20260705_032129	yes	dir	NA	3
crosscut_shard_scaling_latency_orion_s31_dir	crosscut	results/method4_shard_scaling_latency_20260705/orion_s31/analysis_20260705_031624	yes	dir	NA	3
crosscut_shard_scaling_latency_orion_s46_dir	crosscut	results/method4_shard_scaling_latency_20260705/orion_s46/analysis_20260705_031806	yes	dir	NA	3
crosscut_shard_scaling_latency_root	crosscut	results/method4_shard_scaling_latency_20260705	yes	dir	NA	6
crosscut_shard_scaling_latency_runner	crosscut	tools/method4_claim_d_high_recall_latency.py	yes	py	27786	NA
current_environment_preflight_20260707_build_smoke_csv	current	results/method4_claim_coverage_20260704/derived_claim_tables/current_environment_preflight_20260707_build_smoke.csv	yes	csv	571	1
current_environment_preflight_20260707_csv	current	results/method4_claim_coverage_20260704/derived_claim_tables/current_environment_preflight_20260707.csv	yes	csv	3837	6
current_environment_preflight_csv	current	results/method4_claim_coverage_20260704/derived_claim_tables/current_environment_preflight_20260706.csv	yes	csv	4042	9
current_experiment_readiness_recheck_20260707_csv	current	results/method4_claim_coverage_20260704/derived_claim_tables/current_experiment_readiness_recheck_20260707.csv	yes	csv	5251	9
current_experiment_readiness_recheck_20260708_csv	current	results/method4_claim_coverage_20260704/derived_claim_tables/current_experiment_readiness_recheck_20260708.csv	yes	csv	6820	11
current_hard_gap_blocker_audit_20260707_csv	current	results/method4_claim_coverage_20260704/derived_claim_tables/current_hard_gap_blocker_audit_20260707.csv	yes	csv	8506	6
current_hard_gap_blocker_audit_20260708_post_worker_count_csv	current	results/method4_claim_coverage_20260704/derived_claim_tables/current_hard_gap_blocker_audit_20260708_post_worker_count.csv	yes	csv	2264	5
current_hard_gap_blocker_audit_20260709_post_claim_a_csv	current	results/method4_claim_coverage_20260704/derived_claim_tables/current_hard_gap_blocker_audit_20260709_post_claim_a.csv	yes	csv	2391	4
current_hard_gap_blocker_audit_20260709_post_multiassign_csv	current	results/method4_claim_coverage_20260704/derived_claim_tables/current_hard_gap_blocker_audit_20260709_post_multiassign.csv	yes	csv	2590	4
current_hard_gap_blocker_audit_csv	current	results/method4_claim_coverage_20260704/derived_claim_tables/current_hard_gap_blocker_audit_20260706.csv	yes	csv	6140	6
current_unblock_status_20260707_csv	current	results/method4_claim_coverage_20260704/derived_claim_tables/current_unblock_status_20260707.csv	yes	csv	6945	13
current_unblock_status_20260708_csv	current	results/method4_claim_coverage_20260704/derived_claim_tables/current_unblock_status_20260708.csv	yes	csv	6450	14
derived_tables_dir	derived	results/method4_claim_coverage_20260704/derived_claim_tables	yes	dir	NA	173
docker_cleanup_opportunity_audit_20260708_csv	docker	results/method4_claim_coverage_20260704/derived_claim_tables/docker_cleanup_opportunity_audit_20260708.csv	yes	csv	2645	7
final_evidence_document_integrity_audit_20260708_csv	final	results/method4_claim_coverage_20260704/derived_claim_tables/final_evidence_document_integrity_audit_20260708.csv	yes	csv	16739	38
final_evidence_document_integrity_audit_csv	final	results/method4_claim_coverage_20260704/derived_claim_tables/final_evidence_document_integrity_audit_20260707.csv	yes	csv	8279	15
formal_experiment_prerequisite_audit_20260708_csv	formal	results/method4_claim_coverage_20260704/derived_claim_tables/formal_experiment_prerequisite_audit_20260708.csv	yes	csv	8801	21
goal_blocked_threshold_audit_20260708_csv	goal	results/method4_claim_coverage_20260704/derived_claim_tables/goal_blocked_threshold_audit_20260708.csv	yes	csv	4272	8
goal_completion_audit_20260707_csv	goal	results/method4_claim_coverage_20260704/derived_claim_tables/goal_completion_audit_20260707.csv	yes	csv	76913	23
goal_completion_audit_20260708_csv	goal	results/method4_claim_coverage_20260704/derived_claim_tables/goal_completion_audit_20260708.csv	yes	csv	76552	23
goal_completion_audit_20260709_csv	goal	results/method4_claim_coverage_20260704/derived_claim_tables/goal_completion_audit_20260709.csv	yes	csv	2111	2
goal_completion_audit_20260709_post_multiassign_csv	goal	results/method4_claim_coverage_20260704/derived_claim_tables/goal_completion_audit_20260709_post_multiassign.csv	yes	csv	3899	3
goal_completion_audit_csv	goal	results/method4_claim_coverage_20260704/derived_claim_tables/goal_completion_audit_20260706.csv	yes	csv	52218	23
hard_gap_artifact_audit_csv	hard	results/method4_claim_coverage_20260704/derived_claim_tables/hard_gap_artifact_audit_20260705.csv	yes	csv	5046	3
l2_distance_support_script	l2	tools/qdrant_two_level_routing_experiment.py	yes	py	221027	NA
l2_harness_readiness_smoke_csv	l2	results/method4_claim_coverage_20260704/derived_claim_tables/l2_harness_readiness_smoke_20260705.csv	yes	csv	738	1
l2_harness_readiness_smoke_dir	l2	results/method4_l2_harness_smoke_20260705/20260705_004225	yes	dir	NA	6
l2_harness_readiness_smoke_summary_json	l2	results/method4_l2_harness_smoke_20260705/20260705_004225/summary.json	yes	json	3421	50
l2_reduced_sift100k_dynamic_vs_fixed_coarse_dir	l2	results/method4_l2_reduced_sift100k_latency_20260705/dynamic_vs_fixed_nofission/analysis_20260705_051254	yes	dir	NA	3
l2_reduced_sift100k_dynamic_vs_fixed_ef_deltas_csv	l2	results/method4_claim_coverage_20260704/derived_claim_tables/l2_reduced_sift100k_dynamic_vs_fixed_ef_deltas.csv	yes	csv	5184	8
l2_reduced_sift100k_dynamic_vs_fixed_ef_matrix_csv	l2	results/method4_claim_coverage_20260704/derived_claim_tables/l2_reduced_sift100k_dynamic_vs_fixed_ef_matrix.csv	yes	csv	7394	11
l2_reduced_sift100k_dynamic_vs_fixed_fine_dir	l2	results/method4_l2_reduced_sift100k_latency_20260705/dynamic_vs_fixed_nofission_fine/analysis_20260705_051329	yes	dir	NA	3
l2_reduced_sift100k_full_fission_latency_deltas_csv	l2	results/method4_claim_coverage_20260704/derived_claim_tables/l2_reduced_sift100k_full_fission_latency_deltas.csv	yes	csv	893	1
l2_reduced_sift100k_full_fission_latency_matrix_csv	l2	results/method4_claim_coverage_20260704/derived_claim_tables/l2_reduced_sift100k_full_fission_latency_matrix.csv	yes	csv	1328	2
l2_reduced_sift100k_full_fission_method4_dir	l2	results/method4_l2_reduced_sift100k_latency_20260706/full_orion_method4_only/analysis_20260706_125222	yes	dir	NA	3
l2_reduced_sift100k_full_fission_method4_summary_csv	l2	results/method4_l2_reduced_sift100k_latency_20260706/full_orion_method4_only/analysis_20260706_125222/claim_d_high_recall_latency_summary.csv	yes	csv	1105	3
l2_reduced_sift100k_full_fission_naive_dir	l2	results/method4_l2_reduced_sift100k_latency_20260706/naive_only/analysis_20260706_125245	yes	dir	NA	3
l2_reduced_sift100k_full_fission_naive_summary_csv	l2	results/method4_l2_reduced_sift100k_latency_20260706/naive_only/analysis_20260706_125245/claim_d_high_recall_latency_summary.csv	yes	csv	1068	3
l2_reduced_sift100k_full_orion_dynamic_vs_fixed_dir	l2	results/method4_l2_reduced_sift100k_latency_20260705/full_orion_dynamic_vs_fixed/analysis_20260705_051940	yes	dir	NA	3
l2_reduced_sift100k_latency_deltas_csv	l2	results/method4_claim_coverage_20260704/derived_claim_tables/l2_reduced_sift100k_latency_deltas.csv	yes	csv	1940	3
l2_reduced_sift100k_latency_dir	l2	results/method4_l2_reduced_sift100k_latency_20260705/analysis_20260705_010022	yes	dir	NA	3
l2_reduced_sift100k_latency_matrix_csv	l2	results/method4_claim_coverage_20260704/derived_claim_tables/l2_reduced_sift100k_latency_matrix.csv	yes	csv	3041	6
l2_reduced_sift100k_main_comparison_csv	l2	results/method4_claim_coverage_20260704/derived_claim_tables/l2_reduced_sift100k_main_comparison.csv	yes	csv	1837	3
l2_reduced_sift100k_naive_3repeat_dir	l2	results/method4_l2_reduced_sift100k_20260705/naive_3repeat/20260705_005944	yes	dir	NA	6
l2_reduced_sift100k_orion_nofission_dir	l2	results/method4_l2_reduced_sift100k_20260705/20260705_005814	yes	dir	NA	6
l2_reduced_sift100k_simple_3repeat_dir	l2	results/method4_l2_reduced_sift100k_20260705/simple_3repeat/20260705_010000	yes	dir	NA	6
l2_reduced_sift100k_simple_latency_smoke_dir	l2	results/method4_l2_reduced_sift100k_latency_smoke_20260705/simple/analysis_20260705_035401	yes	dir	NA	3
l2_reduced_sift100k_simple_vs_naive_latency_dir	l2	results/method4_l2_reduced_sift100k_latency_20260705/simple_vs_naive/analysis_20260705_035458	yes	dir	NA	3
plan_document	plan	docs/experiments/2026-06-16-method4-distributed-submission-experiment-plan.md	yes	md	43175	NA
plan_execution_document	plan	docs/superpowers/plans/2026-07-04-method4-claim-coverage-completion.md	yes	md	7766	NA
remaining_experiment_execution_queue_csv	remaining	results/method4_claim_coverage_20260704/derived_claim_tables/remaining_experiment_execution_queue.csv	yes	csv	10435	4
remaining_experiment_gaps_csv	remaining	results/method4_claim_coverage_20260704/remaining_experiment_gaps.csv	yes	csv	12079	7
robustness_080_085_method4_vs_naive_deltas_csv	robustness	results/method4_claim_coverage_20260704/derived_claim_tables/robustness_080_085_method4_vs_naive_deltas.csv	yes	csv	5554	8
robustness_080_085_original_batches_csv	robustness	results/method4_robustness_080_085_original_20260705/analysis_20260705_070956/claim_d_high_recall_latency_batches.csv	yes	csv	49203	360
robustness_080_085_original_dir	robustness	results/method4_robustness_080_085_original_20260705/analysis_20260705_070956	yes	dir	NA	3
robustness_080_085_original_summary_csv	robustness	results/method4_robustness_080_085_original_20260705/analysis_20260705_070956/claim_d_high_recall_latency_summary.csv	yes	csv	3600	12
robustness_080_085_query_order_multiseed_summary_csv	robustness	results/method4_claim_coverage_20260704/derived_claim_tables/robustness_080_085_query_order_multiseed_summary.csv	yes	csv	3552	4
robustness_080_085_query_order_overlay_csv	robustness	results/method4_claim_coverage_20260704/derived_claim_tables/robustness_080_085_query_order_overlay.csv	yes	csv	9435	12
robustness_080_085_sensitivity_deltas_csv	robustness	results/method4_claim_coverage_20260704/derived_claim_tables/robustness_080_085_sensitivity_deltas.csv	yes	csv	6857	12
robustness_080_085_shuffle_seed_20260709_batches_csv	robustness	results/method4_robustness_080_085_shuffle_20260709/analysis_20260705_071249/claim_d_high_recall_latency_batches.csv	yes	csv	49188	360
robustness_080_085_shuffle_seed_20260709_dir	robustness	results/method4_robustness_080_085_shuffle_20260709/analysis_20260705_071249	yes	dir	NA	3
robustness_080_085_shuffle_seed_20260709_summary_csv	robustness	results/method4_robustness_080_085_shuffle_20260709/analysis_20260705_071249/claim_d_high_recall_latency_summary.csv	yes	csv	3613	12
robustness_080_085_shuffle_seed_20260712_batches_csv	robustness	results/method4_robustness_080_085_shuffle_20260712/analysis_20260706_133627/claim_d_high_recall_latency_batches.csv	yes	csv	49215	360
robustness_080_085_shuffle_seed_20260712_dir	robustness	results/method4_robustness_080_085_shuffle_20260712/analysis_20260706_133627	yes	dir	NA	3
robustness_080_085_shuffle_seed_20260712_metadata_json	robustness	results/method4_robustness_080_085_shuffle_20260712/analysis_20260706_133627/run_metadata.json	yes	json	1386	29
robustness_080_085_shuffle_seed_20260712_summary_csv	robustness	results/method4_robustness_080_085_shuffle_20260712/analysis_20260706_133627/claim_d_high_recall_latency_summary.csv	yes	csv	3593	12
robustness_080_085_warmup_batches_csv	robustness	results/method4_robustness_080_085_warmup_20260705/analysis_20260705_071529/claim_d_high_recall_latency_batches.csv	yes	csv	49199	360
robustness_080_085_warmup_dir	robustness	results/method4_robustness_080_085_warmup_20260705/analysis_20260705_071529	yes	dir	NA	3
robustness_080_085_warmup_overlay_csv	robustness	results/method4_claim_coverage_20260704/derived_claim_tables/robustness_080_085_warmup_overlay.csv	yes	csv	6336	8
robustness_080_085_warmup_summary_csv	robustness	results/method4_robustness_080_085_warmup_20260705/analysis_20260705_071529/claim_d_high_recall_latency_summary.csv	yes	csv	3654	12
robustness_090_method4_vs_naive_deltas_csv	robustness	results/method4_claim_coverage_20260704/derived_claim_tables/robustness_090_method4_vs_naive_deltas.csv	yes	csv	2896	4
robustness_090_original_batches_csv	robustness	results/method4_robustness_090_original_20260705/analysis_20260705_065005/claim_d_high_recall_latency_batches.csv	yes	csv	24825	180
robustness_090_original_dir	robustness	results/method4_robustness_090_original_20260705/analysis_20260705_065005	yes	dir	NA	3
robustness_090_original_summary_csv	robustness	results/method4_robustness_090_original_20260705/analysis_20260705_065005/claim_d_high_recall_latency_summary.csv	yes	csv	1980	6
robustness_090_query_order_multiseed_summary_csv	robustness	results/method4_claim_coverage_20260704/derived_claim_tables/robustness_090_query_order_multiseed_summary.csv	yes	csv	2084	2
robustness_090_query_order_overlay_csv	robustness	results/method4_claim_coverage_20260704/derived_claim_tables/robustness_090_query_order_overlay.csv	yes	csv	4941	6
robustness_090_sensitivity_deltas_csv	robustness	results/method4_claim_coverage_20260704/derived_claim_tables/robustness_090_sensitivity_deltas.csv	yes	csv	3387	6
robustness_090_shuffle_seed_20260708_batches_csv	robustness	results/method4_robustness_090_shuffle_20260708/analysis_20260705_065219/claim_d_high_recall_latency_batches.csv	yes	csv	24840	180
robustness_090_shuffle_seed_20260708_dir	robustness	results/method4_robustness_090_shuffle_20260708/analysis_20260705_065219	yes	dir	NA	3
robustness_090_shuffle_seed_20260708_summary_csv	robustness	results/method4_robustness_090_shuffle_20260708/analysis_20260705_065219/claim_d_high_recall_latency_summary.csv	yes	csv	2014	6
robustness_090_shuffle_seed_20260711_batches_csv	robustness	results/method4_robustness_090_shuffle_20260711/analysis_20260706_132643/claim_d_high_recall_latency_batches.csv	yes	csv	24853	180
robustness_090_shuffle_seed_20260711_dir	robustness	results/method4_robustness_090_shuffle_20260711/analysis_20260706_132643	yes	dir	NA	3
robustness_090_shuffle_seed_20260711_metadata_json	robustness	results/method4_robustness_090_shuffle_20260711/analysis_20260706_132643/run_metadata.json	yes	json	1335	29
robustness_090_shuffle_seed_20260711_summary_csv	robustness	results/method4_robustness_090_shuffle_20260711/analysis_20260706_132643/claim_d_high_recall_latency_summary.csv	yes	csv	1979	6
robustness_090_warmup_batches_csv	robustness	results/method4_robustness_090_warmup_20260705/analysis_20260705_065435/claim_d_high_recall_latency_batches.csv	yes	csv	24861	180
robustness_090_warmup_dir	robustness	results/method4_robustness_090_warmup_20260705/analysis_20260705_065435	yes	dir	NA	3
robustness_090_warmup_overlay_csv	robustness	results/method4_claim_coverage_20260704/derived_claim_tables/robustness_090_warmup_overlay.csv	yes	csv	3424	4
robustness_090_warmup_summary_csv	robustness	results/method4_robustness_090_warmup_20260705/analysis_20260705_065435/claim_d_high_recall_latency_summary.csv	yes	csv	2018	6
robustness_095_curve_config_manifest_json	robustness	results/method4_claim_coverage_20260704/derived_claim_tables/robustness_095_curve_config_manifest.json	yes	json	3645	13
robustness_095_curve_config_method4_vs_naive_deltas_csv	robustness	results/method4_claim_coverage_20260704/derived_claim_tables/robustness_095_curve_config_method4_vs_naive_deltas.csv	yes	csv	3113	4
robustness_095_curve_config_original_dir	robustness	results/method4_robustness_095_curve_config_original_20260707/analysis_20260707_093724	yes	dir	NA	3
robustness_095_curve_config_overlay_csv	robustness	results/method4_claim_coverage_20260704/derived_claim_tables/robustness_095_curve_config_overlay.csv	yes	csv	8795	8
robustness_095_curve_config_query_order_multiseed_summary_csv	robustness	results/method4_claim_coverage_20260704/derived_claim_tables/robustness_095_curve_config_query_order_multiseed_summary.csv	yes	csv	1892	2
robustness_095_curve_config_sensitivity_deltas_csv	robustness	results/method4_claim_coverage_20260704/derived_claim_tables/robustness_095_curve_config_sensitivity_deltas.csv	yes	csv	3753	6
robustness_095_curve_config_shuffle_seed_20260714_dir	robustness	results/method4_robustness_095_curve_config_shuffle_20260707/analysis_20260707_093953	yes	dir	NA	3
robustness_095_curve_config_shuffle_seed_20260715_dir	robustness	results/method4_robustness_095_curve_config_shuffle2_20260707/analysis_20260707_094525	yes	dir	NA	3
robustness_095_curve_config_warmup_dir	robustness	results/method4_robustness_095_curve_config_warmup_20260707/analysis_20260707_094220	yes	dir	NA	3
robustness_095_method4_vs_naive_deltas_csv	robustness	results/method4_claim_coverage_20260704/derived_claim_tables/robustness_095_method4_vs_naive_deltas.csv	yes	csv	2944	4
robustness_095_original_batches_csv	robustness	results/method4_robustness_095_original_20260705/analysis_20260705_063443/claim_d_high_recall_latency_batches.csv	yes	csv	24841	180
robustness_095_original_dir	robustness	results/method4_robustness_095_original_20260705/analysis_20260705_063443	yes	dir	NA	3
robustness_095_original_summary_csv	robustness	results/method4_robustness_095_original_20260705/analysis_20260705_063443/claim_d_high_recall_latency_summary.csv	yes	csv	2044	6
robustness_095_query_order_multiseed_summary_csv	robustness	results/method4_claim_coverage_20260704/derived_claim_tables/robustness_095_query_order_multiseed_summary.csv	yes	csv	1824	2
robustness_095_query_order_overlay_csv	robustness	results/method4_claim_coverage_20260704/derived_claim_tables/robustness_095_query_order_overlay.csv	yes	csv	5005	6
robustness_095_sensitivity_deltas_csv	robustness	results/method4_claim_coverage_20260704/derived_claim_tables/robustness_095_sensitivity_deltas.csv	yes	csv	3462	6
robustness_095_shuffle_seed_20260707_batches_csv	robustness	results/method4_robustness_095_shuffle_20260707/analysis_20260705_063719/claim_d_high_recall_latency_batches.csv	yes	csv	24837	180
robustness_095_shuffle_seed_20260707_dir	robustness	results/method4_robustness_095_shuffle_20260707/analysis_20260705_063719	yes	dir	NA	3
robustness_095_shuffle_seed_20260707_summary_csv	robustness	results/method4_robustness_095_shuffle_20260707/analysis_20260705_063719/claim_d_high_recall_latency_summary.csv	yes	csv	2042	6
robustness_095_shuffle_seed_20260710_batches_csv	robustness	results/method4_robustness_095_shuffle_20260710/analysis_20260706_131447/claim_d_high_recall_latency_batches.csv	yes	csv	24867	180
robustness_095_shuffle_seed_20260710_dir	robustness	results/method4_robustness_095_shuffle_20260710/analysis_20260706_131447	yes	dir	NA	3
robustness_095_shuffle_seed_20260710_metadata_json	robustness	results/method4_robustness_095_shuffle_20260710/analysis_20260706_131447/run_metadata.json	yes	json	1337	29
robustness_095_shuffle_seed_20260710_summary_csv	robustness	results/method4_robustness_095_shuffle_20260710/analysis_20260706_131447/claim_d_high_recall_latency_summary.csv	yes	csv	2054	6
robustness_095_warmup_batches_csv	robustness	results/method4_robustness_095_warmup_20260705/analysis_20260705_063957/claim_d_high_recall_latency_batches.csv	yes	csv	24859	180
robustness_095_warmup_dir	robustness	results/method4_robustness_095_warmup_20260705/analysis_20260705_063957	yes	dir	NA	3
robustness_095_warmup_overlay_csv	robustness	results/method4_claim_coverage_20260704/derived_claim_tables/robustness_095_warmup_overlay.csv	yes	csv	3445	4
robustness_095_warmup_summary_csv	robustness	results/method4_robustness_095_warmup_20260705/analysis_20260705_063957/claim_d_high_recall_latency_summary.csv	yes	csv	1983	6
robustness_097_closest_manifest_json	robustness	results/method4_claim_coverage_20260704/derived_claim_tables/robustness_097_closest_manifest.json	yes	json	3619	13
robustness_097_closest_method4_vs_naive_deltas_csv	robustness	results/method4_claim_coverage_20260704/derived_claim_tables/robustness_097_closest_method4_vs_naive_deltas.csv	yes	csv	3165	4
robustness_097_closest_original_batches_csv	robustness	results/method4_claim_d_high_recall_latency_refine_20260704/analysis_20260704_220036/claim_d_high_recall_latency_batches.csv	yes	csv	61402	450
robustness_097_closest_original_dir	robustness	results/method4_claim_d_high_recall_latency_refine_20260704/analysis_20260704_220036	yes	dir	NA	3
robustness_097_closest_original_metadata_json	robustness	results/method4_claim_d_high_recall_latency_refine_20260704/analysis_20260704_220036/run_metadata.json	yes	json	951	16
robustness_097_closest_original_summary_csv	robustness	results/method4_claim_d_high_recall_latency_refine_20260704/analysis_20260704_220036/claim_d_high_recall_latency_summary.csv	yes	csv	4086	15
robustness_097_closest_overlay_csv	robustness	results/method4_claim_coverage_20260704/derived_claim_tables/robustness_097_closest_overlay.csv	yes	csv	8876	8
robustness_097_closest_query_order_multiseed_summary_csv	robustness	results/method4_claim_coverage_20260704/derived_claim_tables/robustness_097_closest_query_order_multiseed_summary.csv	yes	csv	1915	2
robustness_097_closest_sensitivity_deltas_csv	robustness	results/method4_claim_coverage_20260704/derived_claim_tables/robustness_097_closest_sensitivity_deltas.csv	yes	csv	3873	6
robustness_097_closest_shuffle_seed_20260716_batches_csv	robustness	results/method4_robustness_097_closest_shuffle_20260707/analysis_20260707_095706/claim_d_high_recall_latency_batches.csv	yes	csv	25660	180
robustness_097_closest_shuffle_seed_20260716_dir	robustness	results/method4_robustness_097_closest_shuffle_20260707/analysis_20260707_095706	yes	dir	NA	3
robustness_097_closest_shuffle_seed_20260716_metadata_json	robustness	results/method4_robustness_097_closest_shuffle_20260707/analysis_20260707_095706/run_metadata.json	yes	json	1348	29
robustness_097_closest_shuffle_seed_20260716_summary_csv	robustness	results/method4_robustness_097_closest_shuffle_20260707/analysis_20260707_095706/claim_d_high_recall_latency_summary.csv	yes	csv	2065	6
robustness_097_closest_shuffle_seed_20260717_batches_csv	robustness	results/method4_robustness_097_closest_shuffle2_20260707/analysis_20260707_095948/claim_d_high_recall_latency_batches.csv	yes	csv	25668	180
robustness_097_closest_shuffle_seed_20260717_dir	robustness	results/method4_robustness_097_closest_shuffle2_20260707/analysis_20260707_095948	yes	dir	NA	3
robustness_097_closest_shuffle_seed_20260717_metadata_json	robustness	results/method4_robustness_097_closest_shuffle2_20260707/analysis_20260707_095948/run_metadata.json	yes	json	1348	29
robustness_097_closest_shuffle_seed_20260717_summary_csv	robustness	results/method4_robustness_097_closest_shuffle2_20260707/analysis_20260707_095948/claim_d_high_recall_latency_summary.csv	yes	csv	2047	6
robustness_097_closest_warmup_batches_csv	robustness	results/method4_robustness_097_closest_warmup_20260707/analysis_20260707_100229/claim_d_high_recall_latency_batches.csv	yes	csv	25666	180
robustness_097_closest_warmup_dir	robustness	results/method4_robustness_097_closest_warmup_20260707/analysis_20260707_100229	yes	dir	NA	3
robustness_097_closest_warmup_metadata_json	robustness	results/method4_robustness_097_closest_warmup_20260707/analysis_20260707_100229/run_metadata.json	yes	json	1348	29
robustness_097_closest_warmup_summary_csv	robustness	results/method4_robustness_097_closest_warmup_20260707/analysis_20260707_100229/claim_d_high_recall_latency_summary.csv	yes	csv	2012	6
robustness_query_order_multiseed_summary_csv	robustness	results/method4_claim_coverage_20260704/derived_claim_tables/robustness_query_order_multiseed_summary.csv	yes	csv	1779	2
robustness_shuffle_batches_csv	robustness	results/method4_robustness_shuffle_20260705/analysis_20260705_030323/claim_d_high_recall_latency_batches.csv	yes	csv	25031	180
robustness_shuffle_dir	robustness	results/method4_robustness_shuffle_20260705/analysis_20260705_030323	yes	dir	NA	3
robustness_shuffle_overlay_csv	robustness	results/method4_claim_coverage_20260704/derived_claim_tables/robustness_shuffled_query_overlay.csv	yes	csv	4399	6
robustness_shuffle_overlay_deltas_csv	robustness	results/method4_claim_coverage_20260704/derived_claim_tables/robustness_shuffled_query_overlay_deltas.csv	yes	csv	3893	7
robustness_shuffle_seed_20260705_batches_csv	robustness	results/method4_robustness_shuffle_20260705/analysis_20260705_030323/claim_d_high_recall_latency_batches.csv	yes	csv	25031	180
robustness_shuffle_seed_20260705_dir	robustness	results/method4_robustness_shuffle_20260705/analysis_20260705_030323	yes	dir	NA	3
robustness_shuffle_seed_20260705_summary_csv	robustness	results/method4_robustness_shuffle_20260705/analysis_20260705_030323/claim_d_high_recall_latency_summary.csv	yes	csv	2022	6
robustness_shuffle_seed_20260706_batches_csv	robustness	results/method4_robustness_shuffle_20260706/analysis_20260705_045135/claim_d_high_recall_latency_batches.csv	yes	csv	25008	180
robustness_shuffle_seed_20260706_dir	robustness	results/method4_robustness_shuffle_20260706/analysis_20260705_045135	yes	dir	NA	3
robustness_shuffle_seed_20260706_summary_csv	robustness	results/method4_robustness_shuffle_20260706/analysis_20260705_045135/claim_d_high_recall_latency_summary.csv	yes	csv	1974	6
robustness_shuffle_summary_csv	robustness	results/method4_robustness_shuffle_20260705/analysis_20260705_030323/claim_d_high_recall_latency_summary.csv	yes	csv	2022	6
robustness_warmup_batches_csv	robustness	results/method4_robustness_warmup_20260705/analysis_20260705_044122/claim_d_high_recall_latency_batches.csv	yes	csv	25023	180
robustness_warmup_dir	robustness	results/method4_robustness_warmup_20260705/analysis_20260705_044122	yes	dir	NA	3
robustness_warmup_overlay_csv	robustness	results/method4_claim_coverage_20260704/derived_claim_tables/robustness_warmup_overlay.csv	yes	csv	3334	4
robustness_warmup_overlay_deltas_csv	robustness	results/method4_claim_coverage_20260704/derived_claim_tables/robustness_warmup_overlay_deltas.csv	yes	csv	3094	4
robustness_warmup_summary_csv	robustness	results/method4_robustness_warmup_20260705/analysis_20260705_044122/claim_d_high_recall_latency_summary.csv	yes	csv	2068	6
strict_ablation_live_collection_audit_20260709_post_multiassign_csv	strict	results/method4_claim_coverage_20260704/derived_claim_tables/strict_ablation_live_collection_audit_20260709_post_multiassign.csv	yes	csv	2425	5
strict_ablation_live_collection_audit_csv	strict	results/method4_claim_coverage_20260704/derived_claim_tables/strict_ablation_live_collection_audit_20260705.csv	yes	csv	3415	9
strict_multiassign_default_build_dir	strict_multiassign	results/method4_benchmark_matrix/method4_strict_multiassign_latency_rebuild_20260709/default_build_20260709_preload/20260709_105830	yes	dir	NA	5
strict_multiassign_default_latency_dir	strict_multiassign	results/method4_strict_ablation_multiassign_latency_20260709/default/analysis_20260709_110559	yes	dir	NA	3
strict_multiassign_latency_20260709_csv	strict_multiassign	results/method4_claim_coverage_20260704/derived_claim_tables/strict_multiassign_latency_20260709.csv	yes	csv	2899	3
strict_multiassign_latency_root_20260709	strict_multiassign	results/method4_strict_ablation_multiassign_latency_20260709	yes	dir	NA	3
strict_multiassign_rebuild_config_json	strict_multiassign	tools/benchmark_configs/method4_strict_multiassign_latency_rebuild_20260709.json	yes	json	2588	6
strict_multiassign_rebuild_root_20260709	strict_multiassign	results/method4_benchmark_matrix/method4_strict_multiassign_latency_rebuild_20260709	yes	dir	NA	5
strict_multiassign_single_build_dir	strict_multiassign	results/method4_benchmark_matrix/method4_strict_multiassign_latency_rebuild_20260709/single_build_20260709_preload/20260709_101308	yes	dir	NA	5
strict_multiassign_single_latency_dir	strict_multiassign	results/method4_strict_ablation_multiassign_latency_20260709/single/analysis_20260709_105604	yes	dir	NA	3
strict_multiassign_w2c2_build_dir	strict_multiassign	results/method4_benchmark_matrix/method4_strict_multiassign_latency_rebuild_20260709/w2c2_build_20260709_preload/20260709_110827	yes	dir	NA	5
strict_multiassign_w2c2_latency_dir	strict_multiassign	results/method4_strict_ablation_multiassign_latency_20260709/w2c2/analysis_20260709_111731	yes	dir	NA	3
unified_ablation_status_matrix_csv	unified	results/method4_claim_coverage_20260704/derived_claim_tables/unified_ablation_status_matrix.csv	yes	csv	8165	7
unified_ablation_status_script	unified	tools/method4_unified_ablation_status.py	yes	py	12619	NA
unincorporated_artifact_review_20260707_csv	unincorporated	results/method4_claim_coverage_20260704/derived_claim_tables/unincorporated_artifact_review_20260707.csv	yes	csv	7296	10
worker_count_live_deployment_audit_csv	worker_count	results/method4_claim_coverage_20260704/derived_claim_tables/worker_count_live_deployment_audit_20260705.csv	yes	csv	6938	13
worker_count_online_scaling_deltas_csv	worker_count	results/method4_claim_coverage_20260704/derived_claim_tables/worker_count_online_scaling_deltas_20260708.csv	yes	csv	8572	16
worker_count_online_scaling_docker_stats_csv	worker_count	results/method4_claim_coverage_20260704/derived_claim_tables/worker_count_docker_stats_summary_20260708.csv	yes	csv	3004	14
worker_count_online_scaling_manifest_json	worker_count	results/method4_claim_coverage_20260704/derived_claim_tables/worker_count_online_scaling_manifest_20260708.json	yes	json	5771	19
worker_count_online_scaling_raw_rows_csv	worker_count	results/method4_claim_coverage_20260704/derived_claim_tables/worker_count_online_scaling_raw_rows_20260708.csv	yes	csv	41577	48
worker_count_online_scaling_root	worker_count	results/method4_worker_count_online_scaling_20260708/	yes	dir	NA	5
worker_count_online_scaling_runner	worker_count	tools/method4_worker_count_online_scaling.py	yes	py	19150	NA
worker_count_online_scaling_summary_csv	worker_count	results/method4_claim_coverage_20260704/derived_claim_tables/worker_count_online_scaling_summary_20260708.csv	yes	csv	14775	16
worker_count_online_scaling_tests	worker_count	tests/tools/test_method4_worker_count_online_scaling.py	yes	py	3092	NA
excel_claim_support_workbook_xlsx	excel	docs/experiments/2026-07-09-method4-claim-support-excel-tables/method4_claim_support_excel_tables.xlsx	yes	xlsx	96353	NA
excel_claim_support_manifest_tsv	excel	docs/experiments/2026-07-09-method4-claim-support-excel-tables/manifest.tsv	yes	tsv	10984	42
excel_claim_support_source_caveat_provenance_tsv	excel	docs/experiments/2026-07-09-method4-claim-support-excel-tables/tsv/40_S-01_图表来源_边界_Provenance_自解释索引.tsv	yes	tsv	27590	34
excel_claim_support_raw_provenance_paths_tsv	excel	docs/experiments/2026-07-09-method4-claim-support-excel-tables/tsv/41_S-02_source_manifest_raw_provenance_路径清单.tsv	yes	tsv	93636	538
excel_claim_support_completion_audit_tsv	excel	docs/experiments/2026-07-09-method4-claim-support-excel-tables/tsv/42_S-03_2026-07-09_当前范围完成审计.tsv	yes	tsv	1967	6
final_evidence_document_integrity_audit_20260709_post_excel_selfcontained_csv	final	results/method4_claim_coverage_20260704/derived_claim_tables/final_evidence_document_integrity_audit_20260709_post_excel_selfcontained.csv	yes	csv	3486	9
